,Attraction,Keywords
0,Baga Beach ,"['skiing', 'water', 'beach', 'year', 'sport', 'sand', 'tourist', 'cruise', 'windsurfing', 'jet', 'extension', 'km']"
1,Juhu Beach ,"['beach', 'tourist', 'thing', 'fee', 'tee', 'number', 'cream', 'sunbath', 'sun', 'air', 'glimpse', 'food', 'lawyer', 'day', 'hotel', 'shooting', 'train', 'street', 'station', 'stall']"
2,Calangute Beach ,"['water', 'surfing', 'sailing', 'skiing', 'beach', 'opportunity', 'ride', 'activity', 'bump', 'km']"
3,Elephanta Island ,"['island', 'boat', 'cave', 'pm', 'temple', 'tourist', 'sculpture', 'belief', 'century', 'practice', 'matter', 'target', 'posture', 'city', 'ceiling', 'fort', 'hundred', 'history', 'ad', 'beam']"
4,Cherai Beach ,"['beach', 'island', 'activity', 'water', 'shoreline', 'end', 'sand', 'boat', 'tree', 'variety', 'coconut', 'palm', 'sport', 'land']"
5,Fort Kochi Beach ,"['beach', 'village', 'city', 'water', 'settlement', 'sport', 'sailing', 'diving', 'surfing', 'coastline', 'era', 'kayaking', 'reminiscent', 'fort', 'ship', 'highlight', 'week', 'km', 'time', 'canoeing']"
6,New Digha ,"['centre', 'park', 'science', 'addition', 'attraction', 'opportunity', 'accommodation', 'tourist', 'lake', 'part', 'facility', 'beach', 'list', 'hotel', 'extension', 'hotspot']"
7,Talasari ,"['water', 'delta', 'border', 'beach', 'sea', 'km']"
8,Digha Beach ,"['beach', 'attraction', 'stall', 'wave', 'bench', 'sight', 'activity', 'sea', 'catch', 'park', 'day', 'area', 'food', 'fisherman']"
9,Subarnarekha River ,"['sea', 'beach', 'meeting', 'car', 'walk', 'tourist', 'border', 'highway', 'confluence', 'village', 'river', 'point', 'km']"
10,Ramakrishna Beach ,"['beach', 'activity', 'water', 'sunrise', 'coastline', 'seafront', 'kind', 'surroundings', 'part', 'sea', 'surfing', 'traveller', 'coast', 'boat', 'country', 'fishing', 'wind', 'sunset', 'view', 'angling']"
11,Rishikonda Beach ,"['water', 'beach', 'lover', 'surfing', 'adventure', 'wind', 'nature', 'skiing', 'foliage', 'swimming', 'wave', 'sand', 'destination', 'sport', 'stretch', 'plant']"
12,Yarada Beach ,"['beach', 'side', 'spot', 'view', 'sunset', 'nature', 'sand', 'tourist', 'vicinity', 'surroundings', 'destination', 'hill', 'coastline', 'sunrise', 'lover']"
13,Kanyakumari Beach ,"['visitor', 'sun', 'sea', 'moon', 'spot', 'shore', 'tip', 'house', 'softness', 'beach', 'day', 'confluence', 'destination', 'hue', 'view', 'water', 'sand', 'sunset', 'rise']"
14,Sothavilai Beach ,"['beach', 'sea', 'distance', 'km', 'view', 'swimming', 'sandy', 'sand', 'state', 'town', 'dune', 'cottage', 'tower', 'destination', 'water']"
15,Mandarmani Beach ,"['beach', 'attraction', 'sunrise', 'sunset', 'hour', 'tourist', 'town', 'sight', 'highlight', 'shore', 'location', 'drive', 'km']"
16,The Delta ,"['beach', 'fishing', 'crab', 'delta', 'site', 'attraction', 'lure', 'stretch', 'area', 'village', 'centre', 'water', 'fisherman', 'distance', 'km', 'visit', 'net', 'tree', 'fish', 'town']"
17,Digha Beach ,"['beach', 'sea', 'view', 'mile', 'length', 'resort', 'tourist', 'plantation', 'shore', 'sunrise', 'gradient', 'proximity', 'rule', 'swimming', 'sand', 'mention', 'sunset', 'km']"
18,Jolly Buoy Island ,"['island', 'permit', 'destination', 'boat', 'tourist', 'couples.,summer', 'scuba', 'beach', 'foreigner', 'diving', 'part', 'honeymoon', 'bottom', 'swamp', 'fee', 'glass', 'trip', 'time', 'reef', 'ferry']"
19,Ross Island ,"['island', 'era', 'bakery', 'room', 'collection', 'home', 'state', 'swimming', 'region.,ferries', 'pm', 'history', 'spot', 'fee', 'house', 'bunker', 'remains', 'activity', 'pool', 'building', 'glory']"
20,Little Andaman Island ,"['island', 'beach', 'ferry', 'tourist', 'house', 'boat', 'surf', 'planning', 'day', 'tsunami', 'diving', 'tree', 'public', 'devastation', 'walk', 'number', 'bit', 'attraction', 'snorkelling', 'motorcycle']"
21,Corbyn's Cove ,"['beach', 'spot', 'pill', 'occupation', 'bunker', 'diving', 'palm', 'boating', 'corbyn', 'sunset', 'part', 'box', 'tsunami', 'tourist', 'coconut', 'swimming', 'scuba']"
22,Long Island ,"['facility', 'beach', 'attraction', 'spot', 'guest', 'trekking', 'day', 'permit', 'stretch', 'house', 'snorkelling', 'camping', 'government', 'surfing', 'boat', 'swimming', 'accommodation', 'island', 'catamaran', 'couple']"
23,Alleppey Beach ,"['beach', 'lighthouse', 'addition', 'wave', 'structure', 'business', 'freshwater', 'canal', 'lagoon', 'present', 'government', 'network', 'boat', 'tourist', 'reminiscence', 'purpose', 'height', 'entry', 'portion', 'tea']"
24,Pathiramannal ,"['island', 'bird', 'land', 'specie', 'crow', 'ablution', 'pheasant', 'shrike', 'drongos', 'mythology', 'part', 'variety', 'night', 'heron', 'bulbul', 'boat', 'home', 'catcher', 'dove', 'way']"
25,The Lighthouse ,"['lighthouse', 'end', 'colour', 'view', 'observation', 'platform', 'tourist', 'stair', 'metre', 'hillock']"
26,Lighthouse Beach ,"['beach', 'lighthouse', 'surfing', 'attraction', 'poovar', 'sport', 'water', 'metre', 'step', 'direction', 'platform', 'tourist', 'sand', 'observation', 'swimming', 'end', 'view', 'stretch']"
27,Samudra Beach ,"['beach', 'part', 'attraction', 'name', 'vessel', 'tourist', 'fishing', 'km']"
28,Hawa Beach ,"['beach', 'palm', 'massage', 'tourist', 'grove', 'current', 'swimming', 'ride']"
29,Karamana River ,"['river', 'bridge', 'km', 'irrigation', 'city', 'water', 'kadavu', 'reach', 'village', 'area', 'attraction', 'name', 'dam', 'tip', 'originates', 'tributary', 'suburb', 'supply']"
30,Vizhinjam Fishing Harbour ,"['treatment', 'centre', 'area', 'beach', 'sea', 'port', 'king', 'town', 'massage', 'km']"
31,Akkulam Lake ,"['lake', 'attraction', 'snack', 'swimming', 'boat', 'child', 'spot', 'sea', 'park', 'pool', 'extension', 'picnic', 'club', 'bar', 'km']"
32,Vellayani Lake ,"['lake', 'boat', 'km', 'race', 'number', 'tourist', 'sq', 'night', 'country', 'freshwater', 'people', 'water', 'area']"
33,Alibag Beach ,"['beach', 'tourist', 'town', 'view', 'sand', 'mazhar', 'deposit', 'mind', 'government', 'safety', 'platform', 'region', 'middle']"
34,Varsoli Beach ,"['beach', 'satellite', 'outskirt', 'hamlet', 'coconut', 'water', 'sand', 'tourist', 'tree', 'base']"
35,Kihim Beach ,"['beach', 'km', 'tree', 'distance', 'coconut', 'tent', 'butterfly', 'city', 'north', 'facility', 'beauty', 'number', 'sight', 'traveller', 'bird', 'vicinity', 'tourist', 'abundance', 'flower', 'land']"
36,Nagaon Beach ,"['beach', 'tourist', 'water', 'route', 'holiday', 'tree', 'shore', 'coconut', 'cottage', 'kayaking', 'getaway', 'grove', 'cypress', 'bungalow', 'site', 'picnic', 'ride', 'boat', 'island', 'number']"
37,Mandwa Beach ,"['beach', 'tourist', 'spot', 'cave', 'visitor', 'ruin', 'presence', 'village', 'ferry', 'vicinity', 'number', 'church', 'temple', 'coconut', 'tree', 'jetty', 'synagogue', 'km']"
38,Akshi Beach ,"['beach', 'tourist', 'bird', 'town', 'swimming', 'epigraph', 'water', 'purpose', 'flora', 'distance', 'variety', 'literature', 'suru', 'hamlet', 'coast', 'sand', 'number', 'tree', 'km']"
39,Thal Beach ,"['shore', 'number', 'fort', 'west', 'fisherman', 'coast', 'village', 'north', 'east', 'beach', 'invasion', 'centre', 'sea', 'elevation', 'tourist', 'fishing', 'island', 'km']"
40,Rewas Jetty ,"['km', 'life', 'part', 'city', 'getaway', 'jetty']"
41,Achra Beach ,"['airport', 'beach', 'way', 'sport', 'road', 'farming', 'village', 'area', 'adventure', 'water', 'minute', 'attraction', 'temple', 'town', 'library', 'hour', 'wave', 'treatment', 'km']"
42,Dhamapur Lake ,"['lake', 'facility', 'water', 'area', 'greenery', 'palm', 'village', 'areca', 'sport', 'plantation', 'mango', 'side', 'boating', 'year', 'activity', 'coconut', 'hut', 'hill', 'acre', 'wave']"
43,Kolamb Beach ,"['airport', 'beach', 'creek', 'way', 'name', 'adventure', 'hour', 'dolphin', 'town', 'part', 'minute', 'sport', 'water', 'road', 'point', 'km']"
44,Poovar Island ,"['island', 'beach', 'backwater', 'tourist', 'km', 'minute', 'station', 'boat', 'harbor', 'sand', 'swimming', 'bird', 'tree', 'hour', 'massage', 'coconut', 'time', 'parlor', 'resort', 'drive']"
45,Light House Beach ,"['beach', 'swimming', 'water', 'm', 'house', 'hillock']"
46,Samudra Beach ,"['north', 'activity', 'fisherman', 'headland']"
47,Shanghumukham Beach ,"['beach', 'attraction', 'view', 'spot', 'tourist', 'sun', 'concrete', 'distance', 'year', 'setting', 'city', 'picnic', 'km']"
48,Hawa Beach ,"['beach', 'tourist', 'resort', 'destination', 'cove']"
49,Radhanagar Beach ,"['beach', 'addition', 'kayaking', 'lover', 'scuba', 'snorkelling', 'world', 'flora', 'range', 'diving', 'distance', 'sunset', 'activity', 'view', 'ride', 'tourist', 'nature', 'fauna', 'swimming', 'km']"
50,Elephant Beach ,"['beach', 'life', 'fraction', 'snorkelling', 'hike', 'day', 'affair', 'minute', 'distance', 'present', 'market', 'hassle', 'ride', 'boat', 'coral', 'hour', 'trip', 'path', 'jungle', 'shoreline']"
51,Neil Island ,"['island', 'snorkelling', 'kilometre', 'angling', 'location', 'area', 'north', 'adventure', 'beach', 'vegetable', 'sport', 'addition', 'distance', 'fishing', 'activity', 'sq', 'bowl', 'east', 'km']"
52,Vijaynagar Beach ,"['beach', 'tourist', 'addition', 'environment', 'refreshing', 'salt', 'surroundings', 'walk', 'paradise', 'sea']"
53,Inglis Island ,"['island', 'beach', 'life', 'picture', 'stretch', 'diversity', 'spell', 'way', 'journey', 'holiday', 'water', 'ferry', 'period', 'sound', 'beauty', 'vacation', 'jungle', 'money', 'treasure', 'reef']"
54,Panambur Beach ,"['kite', 'week', 'beach', 'flyer', 'site', 'maker', 'festival', 'group']"
55,Mangalore Beach ,"['beach', 'hotel', 'tourist', 'performance', 'budget', 'picnic', 'lighthouse', 'drum', 'people', 'confluence', 'spot', 'border', 'allure', 'sand', 'sunset', 'view', 'beat']"
56,Someshwar Beach ,"['beach', 'confluence', 'fort', 'rock', 'queen', 'side', 'north', 'palace', 'rule', 'ruin', 'highlight']"
57,Benaulim Village And Beach ,"['village', 'arrow', 'significance', 'tourist', 'temple', 'seaside', 'birth', 'ruin', 'charm', 'site', 'name', 'region', 'sight', 'mountain', 'advent', 'legend', 'km']"
58,Nagoa Beach ,"['beach', 'bus', 'town', 'stand', 'km', 'end', 'bridge', 'swimming', 'fishing', 'activity', 'shoe', 'spot', 'shape', 'ferry', 'pony', 'sport', 'village', 'picnic', 'water', 'camel']"
59,Jallandhar Beach ,"['demon', 'spot', 'memorial', 'hill', 'structure', 'temple', 'facility', 'sport', 'water', 'beach', 'top', 'face', 'stone', 'km']"
60,Ghoghla Beach ,"['beach', 'tourist', 'food', 'amenity', 'complex', 'accommodation', 'town', 'activity', 'spot', 'parasailing', 'facility', 'scooter', 'water', 'adventure', 'village', 'km']"
61,Sunset Point ,"['beach', 'swimming', 'tree', 'palm', 'sun']"
62,Gomatimata Beach ,"['beach', 'end', 'water', 'sand', 'swimming', 'town', 'stretch', 'km']"
63,Chakratirath Beach ,"['beach', 'demon', 'air', 'seaside', 'story', 'head', 'killing', 'name', 'auditorium']"
64,Chowpatty Beach ,"['beach', 'food', 'street', 'evening', 'people', 'tree', 'rickshaw', 'age', 'film', 'play', 'fee', 'variety', 'swimming', 'glimpse', 'transport', 'city', 'immersion', 'scene', 'auto', 'admission']"
65,Marve Beach ,"['beach', 'activity', 'kingdom', 'tourist', 'service', 'auto', 'transportation', 'ferry', 'clock', 'taxi', 'rickshaw', 'part', 'end', 'current', 'interest', 'park', 'bus', 'purposes.,it', 'sand', 'width']"
66,Wellingdon Island ,"['island', 'home', 'office', 'road', 'port', 'mainland', 'governor', 'business', 'export', 'man', 'centre', 'import', 'hotel', 'railway']"
67,Jaigad Lighthouse ,"['lighthouse', 'year', 'region', 'officer', 'pm', 'edge', 'ship', 'army']"
68,Mangamaripeta ,"['beach', 'complex', 'kingdom', 'region', 'nature', 'hill', 'lover', 'vicinity', 'elevation', 'centre', 'sport', 'surroundings', 'm', 'water', 'adventure', 'survey']"
69,Gangavaram Beach ,"['beach', 'ocean', 'view', 'hill', 'south', 'film', 'tree', 'palm', 'tv', 'vicinity', 'surroundings', 'tourist', 'coastline', 'maker', 'middle']"
70,Muttom Beach ,"['shore', 'km', 'sunset', 'steel', 'fence', 'bench', 'hamlet', 'sun', 'year', 'sea', 'hut', 'lighthouse', 'visitor', 'point']"
71,Thengapattinam Beach ,"['beach', 'km', 'water', 'estuary', 'shore', 'vicinity', 'village', 'mosque', 'year', 'county', 'legend', 'swimming', 'distance', 'coconut', 'relation', 'sea', 'trade', 'ride', 'grove']"
72,Bhimli ,"['beach', 'century', 'name', 'cemetery', 'fort', 'evidence', 'sand', 'settlement', 'hill', 'tree', 'local', 'road', 'period', 'village', 'structure', 'assemblage', 'konda', 'statue', 'pine', 'view']"
73,Kappad Beach ,"['beach', 'backwater', 'fact', 'gateway', 'rock', 'experience', 'tourist', 'popularity', 'local', 'ride', 'explorer', 'foot', 'world', 'event', 'monument', 'stone']"
74,Kozhikode Beach ,"['beach', 'sunrise', 'beauty', 'sunset', 'tourist', 'town', 'year', 'pier', 'sea', 'lighthouse', 'world', 'setting', 'charm', 'middle']"
75,Beypore Beach ,"['village', 'ship', 'shipbuilding', 'trading', 'local', 'team', 'buyer', 'centre', 'tourist', 'town', 'perfection', 'year', 'distance', 'need', 'reign', 'vessel', 'shape', 'mind', 'maritime', 'merchant']"
76,Kalipoyika ,"['row', 'distance', 'option', 'pedal', 'water', 'tourist', 'boat', 'km']"
77,Canolly Canal ,"['boat', 'sightseeing', 'canal', 'river', 'village', 'area', 'opportunity', 'people', 'bank', 'feeling', 'vu', 'sea', 'walk', 'calicut', 'sunset', 'region', 'j']"
78,Smith Island ,"['island', 'beach', 'seashore', 'restaurant', 'lifestyle', 'camping', 'row', 'accommodation', 'coconut', 'palm', 'sand', 'house', 'site', 'bar']"
79,Collinpur ,"['sunset', 'day', 'water', 'trip', 'swimming', 'bathing', 'sun', 'km']"
80,Mahabalipuram Beach ,"['beach', 'km', 'tourist', 'activity', 'distance', 'monument', 'rock', 'shore', 'motor', 'diving', 'surfing', 'notice', 'government', 'temple', 'month', 'undertaking', 'wind', 'century']"
81,Kudle Beach ,"['beach', 'town', 'cafe', 'hut', 'tourist', 'coast', 'km']"
82,Om Beach ,"['beach', 'surfing', 'addition', 'skiing', 'banana', 'tourist', 'boat', 'activity', 'hut', 'distance', 'shape', 'shop', 'sign', 'cruise', 'tea', 'km']"
83,Half Moon Beach ,"['beach', 'tourist', 'canoeing', 'tree', 'cabin', 'range', 'ball', 'palm', 'hut', 'paddle', 'activity', 'view', 'cliff', 'volleyball', 'hammock', 'camping', 'boat', 'swimming', 'paint', 'village']"
84,Paradise Beach ,"['beach', 'tourist', 'forest', 'seafood', 'boat', 'speciality', 'barbecue', 'restaurant', 'sea']"
85,Gokarna Beach ,"['beach', 'tourist', 'mountain', 'guitar', 'view', 'bath', 'atmosphere', 'side', 'hammock', 'town', 'sea', 'roadway']"
86,Jampore Beach ,"['beach', 'km', 'city', 'time', 'railway', 'roadway', 'railhead', 'picnic', 'spot', 'weather', 'distance', 'part', 'border', 'airport', 'town', 'swimming', 'airway']"
87,Devka Beach ,"['park', 'amusement', 'beach', 'taxi', 'tourist', 'km', 'stand', 'rickshaw', 'seafood', 'resort', 'day', 'swimming', 'joint', 'shoreline', 'pony', 'festival', 'child', 'ride', 'distance', 'walking']"
88,Chowara Beach ,"['beach', 'km', 'time', 'family', 'hill', 'stretch', 'top', 'grove', 'shore', 'distance', 'honeymoon', 'gorge', 'year', 'wave', 'coconut', 'view', 'away.,evenings', 'gliding', 'name', 'attraction']"
89,Vizhinjam Lighthouse ,"['house', 'beacon', 'pm', 'top', 'beach', 'sunset', 'hill', 'eatery', 'sight', 'tree', 'part', 'mark', 'canopy', 'auto', 'ground', 'day', 'rickshaw', 'ladder', 'taxi', 'coconut']"
90,Murudeshwar Beach ,"['beach', 'traveller', 'ride', 'boat', 'west', 'east', 'attraction', 'kilometre', 'sunrise', 'distance', 'family', 'statue', 'swimming', 'hill', 'fishing', 'sunset', 'view', 'location']"
91,Netrani Island ,"['island', 'spot', 'cave', 'ruin', 'rickshaw', 'picnic', 'time', 'north', 'target', 'water', 'people', 'mark', 'month', 'temple', 'fishing', 'mosque', 'boat', 'taxi', 'practice', 'auto']"
92,Bhatkal Beach ,"['beach', 'attraction', 'view', 'month', 'area', 'port', 'time', 'ruler', 'lighthouse', 'surroundings', 'century', 'sea', 'hillock', 'temple', 'vicinity', 'tourist', 'hill', 'coconut', 'tree', 'middle']"
93,Bhatkal Light House ,"['tower', 'lighthouse', 'signal', 'masonry', 'lamp', 'baffle', 'flashing', 'stone', 'ruin', 'mast', 'fog', 'storm', 'cabin', 'light', 'wall', 'warning', 'hill', 'metal', 'column', 'source']"
94,New Mangalore Port ,"['port', 'year', 'project', 'state', 'pulp', 'fine', 'cargo', 'iron', 'timber', 'confluence', 'manganese', 'name', 'import', 'administration', 'coffee', 'crude', 'ammonia', 'product', 'fertilizer', 'north']"
95,Nandini River ,"['bank', 'spot', 'name', 'mile', 'katee', 'river', 'belief']"
96,Coco Beach ,"['beach', 'seashore', 'family', 'occupation', 'picnic', 'area', 'village', 'dolphin', 'crystal', 'native', 'palm', 'number', 'enhance', 'tree', 'activity', 'watersports', 'water', 'sand', 'fishing', 'trip']"
97,Henry's Island ,"['forest', 'beach', 'mangrove', 'fish', 'name', 'path', 'acre', 'tourist', 'ride', 'bird', 'animal', 'tree', 'gora', 'fee', 'hetal', 'lodge', 'pisciculture', 'land', 'kankru', 'car']"
98,Jambu Dwip ,"['boat', 'habitation', 'km', 'fisherman', 'mangrove', 'time', 'hectare', 'minute', 'ride', 'water', 'house', 'mud', 'island', 'tree', 'sight', 'crab', 'bird', 'state', 'month', 'area']"
99,Bakkhali Sea Beach ,"['beach', 'land', 'tourist', 'water', 'spot', 'bus', 'car', 'hotel', 'forest', 'handicraft', 'attraction', 'cycle', 'coconut', 'slope', 'tiger', 'time', 'mangrove', 'shack', 'vendor', 'end']"
100,Sagar Island ,"['island', 'point', 'km', 'temple', 'part', 'tip', 'habitat', 'spot', 'sea', 'pilgrimage', 'tourist', 'ferry', 'delta', 'guest', 'service', 'visitor', 'bird', 'pilgrim', 'forest', 'attraction']"
101,Vihar Lake ,"['lake', 'water', 'park', 'city', 'tourist', 'bank', 'source', 'matter', 'supply', 'number', 'treatment', 'permission', 'rickshaw', 'fact', 'sun', 'public', 'thereon', 'bird', 'bus', 'auto']"
102,Gorai Beach ,"['beach', 'palm', 'grove', 'park', 'party', 'film', 'night', 'amusement']"
103,Manori And Marve Beaches ,"['beach', 'village', 'fishing', 'spot', 'weekend', 'party', 'bungalow', 'picnic']"
104,St. Anthony's Island ,"['island', 'hour', 'boat', 'community', 'fisherman', 'cross']"
105,Lawson's Bay ,"['way', 'greenery', 'sailing', 'wave', 'crystal', 'water', 'beach', 'sand', 'swimming', 'vicinity', 'surfing', 'sea']"
106,Kondakarla Ava Beach ,"['beach', 'village', 'bird', 'lake', 'specie', 'location', 'habitat', 'coconut', 'life', 'vegetation', 'freshwater', 'kayaking', 'grove', 'boat', 'trekking', 'forest', 'sand', 'shore', 'hill', 'tourist']"
107,Uppada Beach ,[]
108,Gorai Beach ,"['way', 'surroundings', 'villa', 'park', 'ferry', 'proximity', 'beach', 'amusement']"
109,Manori Beach ,"['way', 'palm', 'ferry', 'attraction', 'beach', 'cottage', 'village', 'tree']"
110,Marve Beach ,"['spot', 'picnic', 'tourist', 'beach']"
111,Ozran Beach ,"['beach', 'attraction', 'rock', 'sunbathe', 'shack', 'hill', 'tourist', 'film', 'hillock', 'km', 'shore', 'maker', 'number', 'face', 'bed', 'order']"
112,Colva Beach ,"['beach', 'km', 'lattice', 'air', 'stretch', 'church', 'century', 'site', 'north', 'side', 'world', 'work', 'colonial', 'sand', 'palm', 'coconut', 'villa', 'change', 'architecture', 'rule']"
113,Varca Beach ,"['rock', 'watching', 'line', 'roof', 'south', 'boat', 'activity', 'lava', 'fishing', 'palm', 'shore', 'beach', 'village', 'stretch', 'km']"
114,Betalbatim Beach ,"['fishing', 'beach', 'distance', 'vicinity', 'kilometre', 'dolphin', 'watching', 'boat', 'village', 'traveller', 'km']"
115,Cavelossim And Mobor Beaches ,"['beach', 'taxi', 'tip', 'foot', 'southernmost', 'elevation', 'lava', 'bus', 'kilometre', 'attraction', 'region', 'boat', 'state', 'sand', 'fishing', 'watching', 'auto', 'rock', 'rickshaw']"
116,Betul Beach ,"['beach', 'coconut', 'distance', 'view', 'stretch', 'end', 'fruit', 'hillock', 'palm', 'part', 'tree', 'km']"
117,Arossim Beach ,"['water', 'surfing', 'distance', 'sailing', 'beach', 'sport', 'scootering', 'bus', 'km']"
118,Sunset Beach ,"['weekend', 'sunrise', 'view', 'sunset', 'people', 'beach', 'distance', 'morning', 'km']"
119,Harihareshwar Beach ,"['beach', 'attraction', 'tourist', 'boat', 'seashore', 'ride', 'atmosphere', 'sand']"
120,Kondivili Beach ,"['beach', 'sport', 'surf', 'water', 'opportunity', 'wave', 'cliff', 'sand', 'km']"
121,Karaikal Sandy Beach ,"['beach', 'sunrise', 'view', 'sunset', 'parking', 'court', 'water', 'boat', 'child', 'vehicle', 'bank', 'park', 'jetty', 'sport', 'restaurant', 'tennis']"
122,Majorda ,"['beach', 'tourist', 'taluka', 'hotel', 'shack', 'resort', 'restaurant', 'cuisine']"
123,Velsao Beach ,"['beach', 'north', 'south', 'coast', 'service', 'bus']"
124,Mahatma Gandhi Beach And Park ,"['walk', 'shoreline', 'town', 'park', 'km']"
125,Ashtamudi Lake ,"['meet', 'gateway', 'channel', 'wetland', 'ecosystem', 'backwater', 'river', 'lake']"
126,Thirumullavaram Beach ,"['swimming', 'town', 'beach', 'km']"
127,Neendakara Port ,"['fishing', 'headquarters', 'town', 'hub', 'km']"
128,Dhavaleshwar Island ,"['temple', 'island', 'coconut', 'museum', 'grove', 'beach', 'hill', 'thousand', 'shrine', 'century', 'devotee', 'km']"
129,Bordi Beach ,"['blackish', 'line', 'sand', 'group', 'sea', 'waist', 'level', 'chikoo', 'tide', 'water', 'beauty', 'orchard', 'area', 'kilometre', 'beach', 'km']"
130,Hooghly River ,"['route', 'part', 'bank', 'distributary', 'town', 'trade', 'km']"
131,Diamond Harbour ,"['ocean', 'spot', 'weekend', 'stronghold', 'lodge', 'river', 'local', 'picnic', 'pirate', 'destination', 'harbour', 'water', 'vessel', 'tourist', 'resting', 'port', 'ship', 'district', 'hotel', 'expanse']"
132,Kukrahati ,"['minute', 'ferry', 'river', 'bank', 'gateway', 'destination', 'interval', 'city', 'municipality', 'service', 'port']"
133,Mobor Beach ,"['beach', 'coastline', 'ride', 'end', 'discotheque', 'service', 'rickshaw', 'windsurfing', 'shop', 'proximity', 'watersports', 'skiing', 'biking', 'auto', 'bus', 'km', 'taxi', 'railhead', 'restaurant', 'jet']"
134,Cavelossim Beach ,"['beach', 'food', 'joint', 'handicraft', 'water', 'shop', 'tourist', 'dish', 'kilometre', 'surroundings', 'craft', 'variety', 'lava', 'drink', 'collection', 'seafood', 'sand', 'shack', 'rock', 'item']"
135,Ganapatipule Beach ,"['sand', 'distance', 'terrain', 'ambience', 'km']"
136,Anjarle Beach ,"['sea', 'view', 'beach', 'day', 'boat', 'bird', 'family', 'hundred', 'surf', 'sand', 'evening', 'coconut', 'tree', 'surfing', 'vegetation', 'wave', 'beach.,once', 'fort', 'idol', 'food']"
137,Guhagar Beach ,"['beach', 'sea', 'town', 'water', 'home', 'variety', 'rickshaw', 'hill', 'swimming', 'boat', 'holiday', 'sun', 'west', 'honeymoon', 'taxi', 'beachside', 'couple', 'east', 'stay', 'station']"
138,Aare Beach ,"['km', 'beach', 'distance']"
139,Mandavi Beach ,"['beach', 'bastion', 'sport', 'head', 'water', 'sand', 'south', 'vicinity', 'presence', 'enthusiast', 'west', 'bay']"
140,Bhatye Beach ,"['distance', 'sport', 'water', 'side', 'enthusiast', 'coast', 'extension', 'km']"
141,Ratnagiri Lighthouse ,"['lighthouse', 'tower', 'fort', 'm', 'lamp', 'stone', 'view', 'storm', 'passage', 'metal', 'picnic', 'beacon', 'steel', 'hand', 'shoe', 'ship', 'sun', 'horse', 'set', 'vigil']"
142,Kovalam Beach ,"['beach', 'part', 'km', 'trading', 'attraction', 'promontory', 'sand', 'tourist', 'm', 'hillock', 'distance', 'colour', 'house', 'side', 'coastline', 'fisherman']"
143,Poovar Beach ,"['river', 'distance', 'kind', 'estuary', 'water', 'land', 'boat', 'medium', 'lake', 'sea']"
144,Karwar Beach ,"['beach', 'fish', 'month', 'seafood', 'tourist', 'mussel', 'number', 'coconut', 'eatery', 'variety', 'town', 'tourism', 'style', 'plethora', 'watersports', 'opportunity', 'hunting', 'delicacy', 'island', 'snorkelling']"
145,Devbagh Beach ,"['beach', 'activity', 'resort', 'month', 'boat', 'weather', 'speed', 'castle', 'banana', 'order', 'seashell', 'tourist', 'sand', 'cruise', 'casuarina', 'island', 'snorkelling', 'km', 'time', 'ride']"
146,Majali Beach ,"['resort', 'fishing', 'beach', 'attraction', 'facility', 'lake', 'railhead', 'laundry', 'km', 'out', 'house', 'cottage', 'equipment', 'sit', 'rowing', 'sea', 'activity', 'tourist', 'birdwatching', 'balcony']"
147,Binaga Beach ,"['beach', 'church', 'seashore', 'region', 'base', 'train', 'mile', 'city', 'transport', 'project', 'option', 'distance', 'air', 'bay', 'border', 'beauty', 'ship', 'vicinity', 'terminal', 'operation']"
148,Koodi Bagh Beach ,"['kayaking', 'palm', 'beach', 'banana', 'boat', 'activity', 'confluence']"
149,Oyster Rock Lighthouse ,"['lantern', 'island', 'lighthouse', 'room', 'boat', 'tourist', 'entrance', 'help', 'tower', 'machine', 'dome', 'top', 'sunrise', 'order']"
150,Bharatpur Beach ,"['beach', 'vegetation', 'attraction', 'coral', 'boat', 'watching', 'fish', 'swimming', 'bottom', 'glass', 'water', 'activity']"
151,Sitapur Beach ,"['formation', 'vegetation', 'tide', 'tip', 'sea', 'limestone']"
152,Kalapathar Beach ,"['coastline', 'name', 'village', 'rock', 'corner', 'beach']"
153,Laxmanpur Beach ,"['beach', 'snorkelling', 'distance', 'basking', 'water', 'sand', 'swimming', 'shell', 'village', 'activity', 'sun', 'km']"
154,Vijaynagar Beach ,"['environment', 'salt', 'sea', 'beach']"
155,Mahim Beach ,"['beach', 'region', 'sunset', 'accommodation', 'tourist', 'apartment', 'coast', 'fort', 'invasion', 'view', 'today', 'infrastructure', 'complex', 'point']"
156,Kelva Beach ,"['beach', 'region', 'accommodation', 'land', 'stretch']"
157,Satpati Beach ,"['beach', 'fishing', 'weekend', 'town', 'evening', 'time', 'village', 'hub', 'km']"
158,Shirgaon Beach ,"['beach', 'attraction', 'home', 'fishing', 'abundance', 'district', 'town', 'tree', 'palm', 'ground', 'area', 'community', 'fisherman']"
159,Koduru Beach ,[]
160,Varkala Beach ,"['beach', 'people', 'water', 'sea', 'view', 'dusk', 'sand', 'district', 'town', 'market', 'cliff', 'location', 'border', 'property', 'remains', 'soul', 'flea', 'area', 'friend', 'end']"
161,Papanasam Beach ,"['beach', 'temple', 'massage', 'railway', 'station', 'spring', 'property', 'km']"
162,Varkala Lighthouse ,"['building', 'style', 'ruler', 'region', 'view', 'beach', 'area', 'century', 'architecture', 'example']"
163,Ponnumthuruthu Island ,"['boat', 'ride', 'island', 'water', 'atmosphere', 'site', 'backwater', 'shrine', 'year', 'housing']"
164,Tarkarli Beach ,"['beach', 'km', 'diving', 'scuba', 'river', 'boat', 'resort', 'water', 'estuary', 'stretch', 'snorkelling', 'scooter', 'bank', 'confluence', 'tree', 'town', 'ride', 'distance', 'sail', 'shuru']"
165,Malvan Beach ,"['beach', 'fish', 'market', 'stretch', 'scuba', 'mango', 'restaurant', 'tourist', 'kind', 'region', 'cashew', 'coconut', 'tree', 'diver', 'boat', 'evening', 'sand', 'bar', 'fisherman']"
166,Devbaug Beach ,"['confluence', 'lagoon', 'seagull', 'water', 'beach', 'sand', 'swimming', 'bird', 'stretch', 'km']"
167,Kolamb Beach ,"['sport', 'water', 'town', 'end', 'beach', 'km']"
168,Achara Beach ,"['distance', 'swimming', 'watching', 'season', 'dolphin', 'library', 'month', 'year', 'km']"
169,Arse Mahal Beach ,"['detachment', 'region', 'petrol', 'centre', 'extension', 'beach']"
170,Tondavali Beach ,"['beach', 'watching', 'swimming', 'angling', 'dolphin']"
171,Shiroda Velagar Beach ,"['sand', 'stretch', 'water', 'beach']"
172,Uttorda ,"['north', 'south', 'beach', 'km']"
173,Sasthamcotta Lake ,"['lake', 'water', 'town', 'bacteria', 'drinking', 'freshwater', 'people', 'source', 'population', 'cavaborus', 'temple', 'km']"
174,Ozran Beach ,"['beach', 'attraction', 'proximity', 'rock', 'shore', 'shack', 'hill', 'tourist', 'face', 'bed']"
175,Harmal Beach ,"['beach', 'headland', 'wave', 'presence', 'site', 'side', 'clothes', 'foot', 'destination', 'handicraft', 'jewellery', 'spring', 'cliff', 'vicinity', 'swimming', 'shack', 'proximity', 'region']"
176,Agonda Beach ,"['option', 'beach', 'spot', 'region', 'water', 'accommodation', 'stay', 'picnic', 'traveler', 'km']"
177,Harihareshwar Beach ,"['ride', 'tourist', 'beach', 'attraction', 'accommodation', 'boat', 'town', 'speed', 'facility', 'water', 'time', 'month', 'scooter']"
178,Kondivli Beach ,"['beach', 'tourist', 'water', 'surfing', 'attraction', 'sand', 'cliff', 'distance', 'attract', 'destination', 'surroundings', 'sport', 'trekking', 'km']"
179,Pandre Samudra ,"['beach', 'name', 'atmosphere', 'emerald', 'water', 'sand', 'tourist', 'vicinity']"
180,Ganeshghule Beach ,"['distance', 'view', 'sunset', 'emerald', 'nature', 'beach', 'lover', 'retreat', 'holiday', 'terrain', 'sea', 'km']"
181,Kunkeshwar Beach ,"['beach', 'km', 'time', 'tourist', 'temple', 'cave', 'swimming', 'warrior', 'shore', 'sculpture', 'station', 'airport', 'walking', 'tree', 'bathing', 'sun', 'stretch', 'sand', 'lifeguard', 'auto']"
182,Miramar Beach ,"['beach', 'view', 'tree', 'walk', 'evening', 'gull', 'bird', 'sea', 'plover', 'palm', 'people', 'winter', 'season', 'estuary', 'morning', 'km']"
183,Sinquerim Beach ,"['beach', 'attraction', 'view', 'skiing', 'watersports', 'proximity', 'fishing', 'windsurfing', 'diving', 'lighthouse', 'water', 'region', 'scuba', 'km']"
184,Baga River ,"['attraction', 'specie', 'livelihood', 'region', 'home', 'beach', 'source', 'forest', 'river', 'fisherman', 'km']"
185,Coco Beach ,"['sea', 'trip', 'tourist', 'beach', 'water', 'palm', 'occupation', 'dolphin', 'site', 'bay', 'people', 'spotting', 'crystal', 'plantation', 'sunrise', 'watersports', 'tree', 'activity', 'seashore', 'fishing']"
186,Vainguinim ,"['beach', 'specie', 'vegetation', 'home', 'hill', 'city', 'bird', 'centre', 'km']"
187,Siridao Beach ,"['visit', 'oyster', 'pearl', 'beach', 'distance', 'tourist', 'shell', 'globe', 'week', 'km']"
188,Harihareshwar Beach ,"['beach', 'variety', 'month', 'seafood', 'restaurant', 'town', 'proximity', 'watersports']"
189,Kondivali Beach ,"['sport', 'trainer', 'adventure', 'cliff', 'guide']"
190,Shankarpur Beach ,"['beach', 'bus', 'harbour', 'rest', 'site', 'plantation', 'house', 'shell', 'population', 'collection', 'help', 'town', 'crab', 'tourist', 'fishing', 'state', 'tree', 'fisherman']"
191,Digha Beach ,"['beach', 'sunset', 'sunrise', 'reign', 'letter', 'wife', 'swimming', 'side', 'coast', 'ideal', 'group']"
192,Vagator Beach ,"['beach', 'stall', 'drink', 'month', 'water', 'snack', 'cliff', 'spring', 'trinket', 'red', 'clothes', 'side', 'time']"
193,Ashvem Beach ,"['turtle', 'palm', 'village', 'tree', 'beach']"
194,Kodi Beach ,"['swimming', 'shore', 'language', 'beach', 'side', 'water', 'proximity', 'activity']"
195,Uppinakudru ,"['temple', 'idol', 'site', 'bundle', 'deity', 'village', 'north', 'people', 'market', 'trading', 'salt', 'rule', 'seafood', 'price', 'event', 'mutt', 'tobacco']"
196,Trasi ,"['beach', 'north', 'distance', 'resort', 'kilometre', 'km']"
197,Coco Beach ,"['trip', 'beach', 'water', 'area', 'dolphin', 'village', 'picnic', 'sport', 'facility', 'palm', 'sea', 'local', 'tree', 'traveller', 'ride', 'tourist', 'fishing', 'spotting']"
198,Coco Beach ,"['beach', 'trip', 'watersports', 'spot', 'fishing', 'sand', 'tourist', 'activity', 'tree', 'palm', 'dolphin', 'site', 'village']"
199,Arpora ,"['site', 'attraction', 'destination', 'beach', 'distance', 'temple', 'month', 'night', 'km']"
200,Baga River ,"['river', 'specie', 'field', 'home', 'site', 'paddy', 'side', 'north', 'forest', 'attraction', 'festival', 'boat', 'riverside', 'bridge', 'settlement', 'slope', 'km']"
201,Siridao Beach ,"['beach', 'distance', 'event', 'oyster', 'pearl', 'site', 'shell', 'town', 'watersports', 'km']"
202,Mandrem Beach ,"['site', 'bus', 'jewellery', 'handicraft', 'beach', 'clothes', 'bamboo', 'taxi', 'fish', 'turtle', 'marine', 'tree', 'collection', 'proximity', 'town', 'tourist', 'habitat', 'tide', 'convenience', 'eagle']"
203,Sunset Beach ,"['palm', 'view', 'sunset', 'crystal', 'grove', 'number', 'beach', 'sand', 'water', 'traveller']"
204,Vainguinim ,"['beach', 'specie', 'vegetation', 'silk', 'kilometre', 'hill', 'tourist', 'forest', 'bird', 'traveller', 'sand', 'quality']"
205,Cavelossim Beach ,"['beach', 'bus', 'watching', 'taxi', 'activity', 'traveller', 'plenty', 'foot', 'dolphin', 'elevation', 'southernmost', 'tip', 'order']"
206,Dahanu Beach ,"['tourist', 'attraction', 'surroundings', 'shore', 'swimming', 'beach', 'casuarina']"
207,Bordi Beach ,"['beach', 'spot', 'casuarina', 'swimming', 'month', 'tourist', 'surroundings', 'importance', 'pollution']"
208,Guhagar Beach ,"['stall', 'food', 'tree', 'sand', 'swimming', 'm', 'sunbathing', 'activity', 'suru', 'town', 'market', 'plantation', 'beverage', 'chaat', 'flea', 'beach']"
209,Palolem Beach ,"['beach', 'bus', 'km', 'trip', 'shape', 'pub', 'service', 'village', 'hour', 'prawn', 'bar', 'water', 'ferry', 'lobster', 'cruise', 'type', 'fishing', 'seafood', 'fish', 'town']"
210,Patnem Beach ,"['beach', 'shack', 'road', 'tourist', 'umbrella', 'coffee', 'bar', 'club', 'presence', 'chair', 'trinket', 'distance', 'discotheque', 'swimming', 'nightlife', 'region', 'bus', 'km', 'taxi', 'restaurant']"
211,Rajbag Beach ,"['beach', 'sand', 'region', 'resort', 'village', 'dune', 'stretch', 'tree', 'km']"
212,Bambolim Beach ,"['beach', 'hand', 'tennis', 'scuba', 'jet', 'club', 'village', 'station', 'facility', 'health', 'skiing', 'diving', 'gym', 'parasailing', 'activity', 'cricket', 'volleyball', 'tourist', 'km']"
213,Siridao Beach ,"['beach', 'instrument', 'pearl', 'tourist', 'entrance', 'shell', 'fervour', 'oyster', 'estuary', 'statue', 'cave', 'week', 'stone', 'km']"
214,Vainguinim Beach ,"['beach', 'water', 'surfing', 'palm', 'diving', 'skiing', 'wind', 'scuba', 'jet', 'port', 'km']"
215,Marivel Beach ,"['sunrise', 'market', 'beach', 'catch', 'view', 'shift', 'fisherman', 'km']"
216,Velsao Beach ,"['atmosphere', 'opportunity', 'swimming', 'coast', 'sunbathing', 'beach', 'km']"
217,Arossim Beach ,"['beach', 'surfing', 'attraction', 'sailing', 'water', 'watersports', 'scooting', 'km']"
218,Vengurla's Lighthouse ,"['hill', 'view', 'beach', 'tourist', 'sea', 'tower', 'distance', 'step', 'shore', 'path', 'top', 'site', 'village', 'flight', 'km']"
219,Nivati Beach ,"['beach', 'village', 'ocean', 'region', 'significance', 'number', 'fishing', 'tourist', 'year', 'traveller', 'atmosphere', 'crystal', 'water', 'side']"
220,Shiroda Beach ,"['distance', 'movement', 'beach', 'village', 'protest', 'division', 'order']"
221,Mochemad Beach ,"['beach', 'cyprus', 'plantation', 'sand', 'village', 'coastline', 'sport', 'water', 'distance', 'view', 'suru', 'activity', 'mountain', 'hill', 'wave', 'tree', 'km']"
222,Vayangani Beach ,"['beach', 'coconut', 'palm', 'view', 'cashew', 'mango', 'shore', 'fruit', 'village', 'jack', 'sea']"
223,Chandipur Beach ,"['fishing', 'village', 'beach', 'tourist', 'temple', 'boat', 'view', 'tree', 'sand', 'sight', 'motor', 'confluence', 'dance', 'state', 'affair', 'community', 'cruise', 'swarm', 'expanse', 'spot']"
224,Chandbali ,"['tourist', 'time', 'ride', 'river', 'port', 'boat']"
225,Talshari ,"['km', 'fishing', 'island', 'activity', 'beach']"
226,Dhamra ,"['km', 'distance', 'boat', 'motor', 'launch', 'sea']"
227,Caranzalem Beach ,"['beach', 'water', 'km', 'undercurrent', 'round', 'resort', 'dish', 'skiing', 'sand', 'tourist', 'year', 'destination', 'sport', 'wine', 'restaurant', 'stretch']"
228,Vainguinim Beach ,"['beach', 'groove', 'region', 'church', 'resort', 'luxury', 'hotel', 'specie', 'government', 'emporium', 'palm', 'bird', 'birdwatchers', 'space', 'accommodation', 'shopping', 'walk', 'visitor']"
229,Akshi Beach ,"['beach', 'facility', 'adventure', 'sand', 'birdwatchers', 'town', 'activity', 'fisherman', 'km']"
230,Versoli Beach ,"['beach', 'coconut', 'vegetation', 'region', 'casuarina', 'water', 'sand', 'proximity', 'village', 'outskirt', 'base']"
231,Brahma Kund ,"['temple', 'statue', 'step', 'tank', 'side', 'vicinity', 'year']"
232,Thal Beach ,"['part', 'fishing', 'centre', 'lot', 'beach', 'town', 'name', 'ruin', 'visitor', 'km']"
233,Ashwem Beach ,"['hut', 'site', 'house', 'delicacy', 'shack', 'sand', 'accommodation', 'proximity', 'bike', 'tree', 'destination', 'restaurant', 'stretch']"
234,Malpe Beach ,"['ferry', 'beach', 'island']"
235,St. Mary's Island ,"['island', 'rock', 'formation', 'tourism', 'port', 'ferry', 'size', 'site', 'monument', 'group']"
236,Bogmalo Beach ,"['beach', 'fishing', 'sunrise', 'view', 'sunset', 'wear', 'showpiece', 'diving', 'village', 'activity', 'jewellery', 'km']"
237,Sernabatim Beach ,"['beach', 'coconut', 'attraction', 'palm', 'dolphin', 'proximity', 'extension']"
238,Colva Beach ,"['beach', 'fishing', 'coconut', 'palm', 'view', 'swimming', 'water', 'tourist', 'proximity', 'activity', 'tree', 'villa']"
239,Siridao Beach ,"['beach', 'oyster', 'estuary', 'pearl', 'tourist', 'shell', 'cave', 'week', 'visitor']"
240,Hansa Beach ,"['beach', 'family', 'cleaning', 'access', 'personnel', 'occasion', 'festival', 'distance', 'unit', 'tourist', 'area', 'village', 'stretch', 'km']"
241,Hollant Beach ,"['view', 'distance', 'sunset', 'beach', 'tourist', 'sunrise', 'foothill', 'km']"
242,Arossim Beach ,"['water', 'beach', 'surfing', 'distance', 'sailing', 'sport', 'tourist', 'village', 'devotee', 'activity', 'scooting', 'km']"
243,Cansaulim Beach ,"['beach', 'refreshing', 'item', 'extension', 'stretch', 'number', 'wine', 'shop', 'drink', 'pub', 'handicraft', 'beer', 'cuisine', 'vodka', 'seafood', 'shack', 'bar', 'km']"
244,Arossim Beach ,"['beach', 'water', 'activity', 'sport', 'ride', 'speedboat', 'surfing', 'destination', 'seeker', 'party', 'time', 'mile', 'leisure', 'fishing', 'tourist', 'equipment', 'swimming', 'skiing', 'training', 'boat']"
245,Mandrem Beach ,"['beach', 'turtle', 'home', 'market', 'item', 'eagle', 'drink', 'area', 'food', 'fish', 'type', 'tree']"
246,Morjim Beach ,"['beach', 'turtle', 'attraction', 'temple', 'folk', 'dance', 'shrine', 'village', 'structure', 'complex', 'year']"
247,Querim Beach ,"['area', 'km', 'birdwatching', 'beach']"
248,Calangute Beach ,"['beach', '70', '60', 'exhibition', 'art', 'sand', 'show', 'hippie', 'culture']"
249,Maravanthe Beach ,"['beach', 'snorkelling', 'attraction', 'traveller', 'sand', 'tourist', 'proximity', 'activity', 'fishing', 'temple', 'bank', 'diving', 'village', 'scuba']"
250,Kodi Beach ,"['activity', 'distance', 'town', 'shore', 'swimming', 'km']"
251,Conco Island ,"['island', 'forest', 'tide', 'ferry', 'water', 'swim', 'site', 'monkey', 'ride']"
252,Cola Beach ,"['beach', 'km', 'recreation', 'palm', 'enthusiast', 'seeker', 'bonfire', 'distance', 'ambience', 'experience', 'leisure', 'sub', 'tree', 'division', 'coast', 'solitude', 'strip', 'walk', 'traveller', 'night']"
253,Galgibaga Beach ,"['turtle', 'beach', 'strip', 'palm', 'casuarina', 'grove', 'sub', 'conservation', 'division', 'activity', 'km']"
254,Butterfly Beach ,"['dolphin', 'work', 'beach', 'sea', 'island', 'ferry', 'stretch', 'visitor', 'grouper', 'north', 'article', 'way', 'water', 'bamboo', 'crochet', 'distance', 'urchin', 'sun', 'm.', 'cucumber']"
255,Canaguinim Beach ,"['beach', 'surroundings', 'tourist', 'peace', 'crystal', 'water', 'coastline', 'blend', 'vicinity', 'stretch', 'result']"
256,Rock Formations ,"['rock', 'region', 'motor', 'lashing', 'tide', 'dugout', 'beach', 'million', 'year', 'sea', 'formation', 'ride', 'wave', 'boulder', 'cove', 'canoe', 'outboard']"
257,Tannirubhavi Beach ,"['beach', 'distance', 'ferry', 'power', 'month', 'time', 'plant', 'km']"
258,Kihim Beach ,"['specie', 'attraction', 'vicinity', 'beach', 'butterfly', 'bird', 'church', 'tower']"
259,Marve Beach ,"['beach', 'proximity']"
260,Versova Beach ,"['fishing', 'attraction', 'region', 'beach', 'creek', 'tourist', 'time', 'community']"
261,Silver Beach ,"['beach', 'number', 'horse', 'tourist', 'boat', 'child', 'activity', 'sea', 'traveller', 'house', 'side', 'area', 'riding', 'play', 'opportunity']"
262,Tarkarli Beach ,"['beach', 'snorkelling', 'confluence', 'region', 'diving', 'strip', 'watersports', 'scuba']"
263,Walaval Creek ,"['region', 'season', 'attraction', 'summer', 'time']"
264,Nivati Beach ,"['fishing', 'village', 'side', 'region', 'beach']"
265,Sargeshwar Beach ,"['beach', 'attraction', 'water', 'sport', 'swimming', 'vicinity', 'bus']"
266,Vayangani Beach ,"['beach', 'relaxation', 'stroll', 'fruit', 'mango', 'jack', 'tree']"
267,Karli Backwaters ,"['backwater', 'specie', 'region', 'home', 'tourist', 'one', 'ambience', 'estuarine', 'houseboat', 'animal']"
268,Kodikkarai Beach ,"['beach', 'wildlife', 'specie', 'variety', 'hand', 'fauna', 'bonnet', 'month', 'splendour', 'heron', 'bird', 'season', 'town', 'turtle', 'attraction', 'part', 'visit', 'flora', 'ibis', 'atmosphere']"
269,Muzhappilangad Beach ,"['beach', 'km', 'tourist', 'swimming', 'distance', 'region', 'rock', 'auto', 'water', 'rickshaw', 'taxi', 'sun']"
270,Marari Beach ,"['beach', 'km', 'water', 'railway', 'fishing', 'tourist', 'station', 'village', 'sea', 'taxi', 'cruise', 'surfing', 'traveller', 'attraction', 'backwater', 'boat', 'skiing', 'name', 'activity']"
271,Beypore Beach ,"['beach', 'km', 'bridge', 'city', 'sea', 'centre', 'building', 'trading', 'maritime', 'station', 'transportation', 'vessel', 'bank', 'industry', 'boat', 'construction', 'bus', 'pathway', 'stone', 'ship']"
272,Ezhimala Beach ,"['hill', 'city', 'beach', 'bus', 'chamber', 'stone', 'taxi', 'herb', 'altitude', 'top', 'cave', 'academy', 'rickshaw', 'level', 'sea', 'attraction', 'm', 'pillar', 'auto', 'km']"
273,Moppila Bay Beach ,"['harbour', 'fishing', 'beach', 'bus', 'auto', 'remnant', 'fort', 'regime', 'temple', 'country', 'tourist', 'aid', 'rickshaw', 'taxi', 'region']"
274,Kurumgad Island ,"['island', 'spot', 'distance', 'region', 'hill', 'destination', 'top', 'native', 'resort', 'picnic', 'km']"
275,Tagore Beach ,"['beach', 'confluence', 'sunrise', 'sunset', 'wave', 'coconut', 'sand', 'tourist', 'coast', 'traveller', 'town', 'surroundings', 'bank', 'shape', 'grove', 'water']"
276,Muzhappilangad Beach ,"['beach', 'km', 'distance', 'swimmer', 'destination', 'attraction', 'swimming', 'drive', 'length', 'activity']"
277,Dharmadam Thuruth ,"['island', 'boat', 'midst', 'home', 'acre', 'bush', 'vicinity', 'bird', 'coconut', 'palm', 'plantation', 'winter', 'site', 'land', 'area', 'group']"
278,Bangaram Island ,"['island', 'tourist', 'gateway', 'scuba', 'sport', 'diving', 'life', 'year', 'weather', 'season', 'cruise', 'airplane', 'lagoon', 'airport', 'attraction', 'snorkelling', 'km', 'area', 'adventure', 'reef']"
279,Arambol Beach ,"['beach', 'path', 'north', 'stall', 'end', 'shack', 'sand', 'south', 'outcropping', 'souvenir', 'handicraft', 'side', 'stretch', 'garment', 'km']"
280,Querim Beach ,"['beach', 'arambol', 'casuarina', 'interval', 'south', 'palm', 'tree', 'slope', 'minute', 'ferry', 'tourist', 'fort', 'service', 'km']"
281,Kalacha Beach ,"['beach', 'terrain', 'lagoon', 'path', 'tourist', 'cliff', 'north', 'foot', 'water', 'beauty', '1960s', 'hippy', 'belief']"
282,Freshwater Lake ,"['lake', 'stream', 'water', 'sulphur', 'property', 'mud', 'spring']"
283,Manginapudi Beach ,"['dance', 'beachside', 'village', 'festival', 'beach', 'course', 'water', 'flock', 'form', 'seawater', 'fishing', 'month', 'school', 'bay', 'port', 'soil', 'dip', 'km']"
284,Velneshwar Beach ,"['beach', 'seashore', 'wave', 'rock', 'town', 'sunbathing', 'stretch', 'year', 'middle']"
285,Guhagar Beach ,"['beach', 'stall', 'town', 'food', 'swimming', 'chat', 'district', 'm', 'activity', 'beverage', 'distance', 'market', 'flea', 'attraction', 'side', 'stretch']"
286,Shastri River ,"['village', 'river', 'side', 'view', 'stretch', 'km']"
287,Covelong Beach ,"['activity', 'fishing', 'beach', 'location', 'port', 'distance', 'stretch', 'retreat', 'plethora', 'sport', 'fort', 'excursion', 'year', 'sight', 'tree', 'surfing', 'palm', 'coast', 'vicinity', 'water']"
288,Agatti ,"['km', 'adventure', 'plenty', 'scuba', 'snorkeling', 'fun', 'side', 'length', 'beach', 'water', 'pleasure', 'sport', 'diving', 'glass', 'sea', 'leisure', 'width', 'airport', 'holiday', 'boat']"
289,Bangaram ,"['island', 'diving', 'lot', 'plenty', 'water', 'life', 'lagoon', 'site', 'ray', 'beach', 'shape', 'teardrop', 'part', 'hut', 'cottage', 'shark', 'snorkeling', 'kayaking', 'km', 'form']"
290,Kalpeni ,"['island', 'side', 'kayaking', 'taboo', 'shore', 'pedal', 'sport', 'bank', 'part', 'tourist', 'place', 'woman', 'boat', 'swimming', 'km', 'lagoon', 'thing', 'debris', 'islet', 'beauty']"
291,Kappad Beach ,"['beach', 'tourist', 'land', 'temple', 'significance', 'rock', 'boat', 'ride', 'traveller', 'year']"
292,Korapuzha ,"['river', 'km', 'distance', 'view', 'surroundings', 'tourist', 'site', 'city', 'mingling']"
293,Pookot Lake ,"['lake', 'specie', 'tourist', 'boat', 'proximity', 'traveller', 'hill', 'water', 'ride', 'child', 'fish', 'surroundings', 'vicinity', 'park', 'lakecomprises', 'forest']"
294,Bhogwe Beach ,"['beach', 'shore', 'bird', 'view', 'seashore', 'sunbathing', 'activity', 'group', 'sea']"
295,Redi Beach ,"['side', 'part', 'ruin', 'attraction', 'beach']"
296,Bagayat Beach ,"['region', 'coastline', 'beach']"
297,Kunkeshwar Beach ,"['cave', 'beach', 'area', 'production', 'stretch', 'mango', 'coastline', 'warrior', 'attraction', 'spot', 'statue', 'country', 'idol', 'entrance', 'swimming', 'watching', 'rock', 'km']"
298,Nerurpar Backwaters ,"['channel', 'water', 'km', 'region', 'ft', 'depth']"
299,Tarakali Backwaters ,"['ft', 'seabed', 'stretch', 'day']"
300,Katwan Backwaters ,"['backwater', 'part', 'region', 'ride', 'boat', 'watersports', 'coast', 'year']"
301,Gahirmatha Beach ,"['beach', 'turtle', 'portion', 'monitor', 'abundance', 'deer', 'bird', 'sea', 'part', 'park', 'crocodile', 'lizard', 'km']"
302,Bhatkal Beach ,"['temple', 'lot', 'shore', 'hill', 'top', 'devotee', 'fort']"
303,Aksa Beach ,"['cottage', 'spot', 'picnic', 'village', 'proximity', 'hotel']"
304,Versova Beach ,"['fishing', 'beach', 'seashore', 'attraction', 'region', 'distance', 'net', 'traveller', 'inhabitant', 'creek', 'time', 'community', 'fisherman', 'km']"
305,Marve Beach ,"['north', 'beach']"
306,Pamban Island ,"['bridge', 'mainland', 'road', 'interest', 'tourist', 'cantilever', 'railway']"
307,Ahmedpur-Mandvi Beach ,"['beach', 'region', 'sea', 'traveller', 'water', 'influence', 'nature', 'boat', 'sand', 'swimming', 'watersports', 'request', 'border', 'part', 'bungalow', 'getaway', 'sunset', 'king', 'destination', 'picnic']"
308,Diu Island ,"['attraction', 'site', 'region', 'beach']"
309,Alappuzha Beach ,"['beach', 'river', 'freshwater', 'activity', 'lagoon', 'town', 'lake', 'west']"
310,Candolim Beach ,"['beach', 'attraction', 'boat', 'activity', 'ride', 'clock', 'style', 'jet', 'bell', 'opportunity', 'dolphin', 'architecture', 'crocodile', 'lighthouse', 'fishing', 'fort', 'speed', 'citadel', 'tourist', 'skiing']"
311,Sinquerim Beach ,"['beach', 'view', 'skiing', 'vantage', 'tourist', 'watersports', 'proximity', 'fishing', 'windsurfing', 'diving', 'lighthouse', 'water', 'region', 'scuba', 'point']"
312,Anjuna Beach ,"['beach', 'food', 'joint', 'condition', 'bag', 'activity', 'jewellery', 'windsurfing', 'market', 'clothes', 'handicraft', 'yachting', 'restaurant', 'flea', 'km']"
313,Baga Beach ,"['beach', 'confluence', 'view', 'stream', 'end', 'water', 'body', 'coast', 'km']"
314,Baga River ,"['river', 'side', 'attraction', 'home', 'celebration', 'bridge', 'box', 'festival', 'specie', 'settlement', 'field', 'north', 'forest', 'paddy', 'km']"
315,Siridao Beach ,"['pearl', 'shell', 'oyster', 'week', 'beach', 'km']"
316,Vainguinim ,"['beach', 'habitat', 'specie', 'forest', 'bird', 'km']"
317,Ozran Beach ,"['beach', 'attraction', 'km', 'rock', 'shore', 'number', 'maker', 'film', 'face', 'hillock', 'bed']"
318,Utorda Beach ,"['beach', 'north', 'swimming', 'tourist', 'south', 'kilometre', 'sunbathing', 'stretch']"
319,Velsao Beach ,"['beach', 'treasure', 'north', 'storehouse', 'south', 'stretch']"
320,Majorda Beach ,"['beach', 'lot', 'palm', 'taluka', 'grove', 'hotel', 'shack', 'tourist', 'resort', 'number', 'restaurant', 'cuisine']"
321,Colva Beach ,"['beach', 'church', 'statue', 'tourist', 'altar', 'sand', 'highlight', 'coast', 'festival', 'year', 'power', 'world', 'month', 'km']"
322,Sunset Beach ,"['metre', 'distance']"
323,Udvada Beach ,"['community', 'spot', 'shoreline', 'pillar', 'port', 'sand', 'area', 'fisherman', 'terrain']"
324,Chapora Beach ,"['beach', 'brass', 'thing', 'village', 'guest', 'handicraft', 'grove', 'shore', 'house', 'facility', 'cottage', 'coconut', 'shell', 'tourist', 'sand', 'bus', 'km', 'taxi', 'walk', 'side']"
325,Kalpeni Beach ,"['boat', 'kayaking', 'attraction', 'pedal', 'water', 'beach', 'sport', 'sail']"
326,Ross Island ,"['ruin', 'island', 'tourist', 'ruler', 'church', 'pool', 'ride', 'headquarters', 'township', 'destination', 'building', 'attraction', 'entrance', 'boat', 'swimming', 'cemetery', 'harbour', 'rule']"
327,Neil Island ,"['island', 'tourism', 'attraction', 'view', 'eco', 'banana', 'tree', 'sea', 'life', 'vegetation', 'plantation', 'beach', 'field']"
328,Smith Island ,"['island', 'life', 'camping', 'region', 'territory', 'sand', 'tourist', 'accommodation', 'village', 'bar', 'facility']"
329,Viper Island ,"['ship', 'island', 'tourist', 'importance', 'naming', 'sacrifice', 'cruise', 'spot', 'harbour', 'attraction', 'history', 'freedom', 'century', 'viper', 'event', 'struggle', 'picnic', 'trading']"
330,Barren Island ,"['volcano', 'attraction', 'experience', 'tourist', 'm', 'board', 'level', 'sea', 'vessel', 'act', 'side', 'land', 'area', 'face', 'group', 'visitor']"
331,Harnai Beach ,"['beach', 'palm', 'rock', 'scope', 'water', 'sand', 'swimming', 'town', 'monument', 'activity', 'km']"
332,Dapoli Beach ,"['beach', 'nut', 'volleyball', 'fish', 'ride', 'mango', 'resort', 'site', 'curry', 'plantation', 'meal', 'coconut', 'food', 'activity', 'town', 'boat', 'dolphin', 'swimming', 'betel', 'stall']"
333,Anjarle Beach ,"['beach', 'palm', 'tributary', 'sand', 'coastline', 'vicinity', 'town', 'tree']"
334,Burundi Beach ,"['beach', 'town', 'people', 'sand', 'retreat', 'summer', 'activity', 'tree', 'km']"
335,Palande Beach ,"['beach', 'sport', 'adventure', 'wave', 'park', 'scuba', 'stretch', 'enthusiast', 'coastline', 'water', 'destination', 'skiing', 'diving', 'ride', 'jet', 'year', 'activity', 'boat', 'km']"
336,Tara Mumbai Beach ,"['building', 'boat', 'beach', 'yard', 'km']"
337,Kunkeshwar Beach ,"['swimming', 'sunbathing', 'activity', 'attraction']"
338,Devgad Beach ,"['temple', 'shore', 'beach', 'swimming', 'picnic', 'town', 'sunbathing', 'activity', 'spot']"
339,Mandwa Beach ,"['tent', 'coconut', 'amenity', 'beach', 'blanket', 'town', 'fan', 'bed']"
340,Kihim Beach ,"['coconut', 'shoreline', 'flower', 'butterfly', 'bird', 'tent', 'cover', 'tree', 'km']"
341,Chandrabhaga River ,"['river', 'worship', 'devotee', 'leper', 'beach', 'water', 'popularity', 'lord', 'dip', 'son', 'world', 'sightseeing', 'cure', 'legend', 'significance', 'mouth', 'km']"
342,Padinharekara Beach ,"['port', 'attraction', 'mouth', 'view', 'end', 'beach']"
343,Bharathapuzha ,"['bird', 'home', 'watcher', 'variety', 'ornithologist', 'traverse', 'tourist', 'site', 'point', 'traversing']"
344,Agatti Island ,"['island', 'beach', 'lagoon', 'sea', 'water', 'kayaking', 'gateway', 'skiing', 'swimming', 'boat', 'tree', 'fish', 'snorkelling', 'coconut', 'diving', 'resort', 'coral', 'spot', 'km', 'sailing']"
345,Mandrem Beach ,"['beach', 'tourist', 'trip', 'boat', 'spotting', 'fisherman', 'creek', 'tide', 'season', 'bamboo', 'monsoon', 'vicinity', 'bridge', 'fishing', 'nightlife', 'access', 'km']"
346,Harmal Beach ,"['beach', 'boat', 'headland', 'beachside', 'tip', 'trip', 'handicraft', 'clothes', 'shore', 'kilometre', 'freshwater', 'cliff', 'watersports', 'banana', 'path', 'ride', 'region', 'attraction', 'km', 'foot']"
347,Minicoy Island ,"['island', 'region', 'tuna', 'factory', 'canning', 'semi', 'storage', 'number', 'fishing', 'lagoon', 'shape', 'ice', 'language', 'southernmost', 'machine', 'plant']"
348,Kaddipuram Beach ,"['beach', 'destination', 'sport', 'shore', 'water', 'opportunity', 'tourist', 'vicinity', 'entertainment', 'activity', 'sea']"
349,Mahabalipuram Beach ,"['beach', 'rathas', 'windsurfing', 'diving', 'motor', 'shore', 'monument', 'century', 'sunbathing', 'temple', 'rock', 'km']"
350,Chorwad Beach ,"['beach', 'fishing', 'tourist', 'swimming', 'distance', 'picnic', 'village', 'luxury', 'resort', 'palace', 'water', 'leisure', 'villager', 'spot', 'activity', 'purpose', 'accommodation', 'state', '1930s', 'walk']"
351,Veraval Beach ,"['beach', 'km', 'jogging', 'tourist', 'west', 'seafood', 'time', 'resort', 'path', 'dharamshalas', 'option', 'traveller', 'accommodation', 'swimming', 'house', 'stall', 'coast', 'quality', 'front', 'fishing']"
352,Divar Island ,"['island', 'festival', 'temple', 'ruin', 'church', 'site', 'harvest', 'ferry', 'era', 'century', 'feast', 'traveller', 'ride', 'tourist', 'distance', 'villager', 'celebration', 'km']"
353,Havelock Island ,"['island', 'beach', 'specie', 'life', 'snorkelling', 'waterfront', 'dolphin', 'people', 'option', 'fish', 'turtle', 'activity', 'sunrise', 'sunbathing', 'swimming', 'camping', 'surfing', 'combing', 'home', 'view']"
354,Viper Island ,"['island', 'ship', 'trading', 'attraction', 'harbour', 'sacrifice', 'cruise', 'tourist', 'struggle', 'century', 'freedom', 'event', 'time', 'importance']"
355,Smith Island ,"['island', 'camping', 'region', 'sand', 'proximity', 'bar', 'km']"
356,Barren Island ,"['vessel', 'island', 'earthquake', 'side', 'area', 'volcano', 'board']"
357,Neil Island ,"['island', 'specie', 'attraction', 'banana', 'tree', 'life', 'vegetation', 'field', 'plantation', 'ecotourism', 'paddy', 'site', 'beach', 'housing']"
