,Word,wcount,,
2921,temple,660,,Architecture
492,century,300,,History
3243,year,287,,Religious
2837,style,274,,
3008,tourist,266,,
1188,fort,265,,
210,attraction,265,,
1601,km,245,,
553,city,236,,
1944,museum,234,,
2701,site,199,,
2070,palace,190,,
1456,idol,189,,
2829,structure,188,,
2972,time,177,,
2676,shrine,171,,
151,architecture,167,,
2811,stone,166,,
2585,sculpture,158,,
2099,part,157,,
3164,wall,156,,
904,distance,154,,
819,deity,152,,
395,building,151,,
593,collection,148,,
3011,town,148,,
2067,painting,146,,
855,devotee,133,,
156,area,131,,
2142,period,124,,
460,carving,123,,
799,day,120,,
1402,history,119,,
248,bank,119,,
2408,region,118,,
2181,pillar,117,,
1904,monument,115,,
621,complex,114,,
1594,king,114,,
1396,hill,114,,
1092,family,114,,
2514,ruler,113,,
1500,inscription,112,,
2797,statue,112,,
1785,marble,109,,
54,ad,106,,
1117,festival,105,,
1343,hall,104,,
2277,premise,103,,
2681,side,102,,
1912,mosque,101,,
491,centre,101,,
3147,village,100,,
1955,name,97,,
3173,water,96,,
1460,image,96,,
1014,entrance,89,,
1903,month,88,,
2987,tomb,87,,
1185,form,87,,
170,art,85,,
1676,life,85,,
657,construction,85,,
921,dome,79,,
2995,top,78,,
1230,gallery,77,,
1431,house,77,,
1237,garden,76,,
1245,gate,73,,
3139,view,72,,
2137,people,72,,
2494,room,71,,
2411,reign,67,,
1174,foot,66,,
1995,number,66,,
2512,ruin,64,,
3225,work,64,,
846,destination,64,,
171,artefact,64,,
901,display,63,,
3010,tower,61,,
1279,goddess,61,,
2792,state,61,,
2542,sanctum,60,,
840,design,59,,
1374,height,56,,
1159,floor,56,,
2488,road,56,,
1728,m,55,,
589,coin,55,,
2735,son,55,,
1107,feature,54,,
1384,heritage,54,,
2467,rickshaw,53,,
979,elephant,52,,
2768,spot,51,,
752,culture,50,,
218,auto,49,,
2490,rock,49,,
701,courtyard,49,,
1127,figure,48,,
405,bus,48,,
2902,tank,48,,
543,church,48,,
480,ceiling,47,,
2270,prayer,46,,
1942,mural,46,,
1025,era,46,,
2492,roof,46,,
1214,ft,45,,
3153,visit,45,,
2180,pilgrimage,45,,
3044,tree,44,,
3231,world,44,,
2483,river,44,,
442,capital,44,,
3135,vicinity,44,,
2547,sandstone,44,,
1053,exhibit,44,,
1281,gold,44,,
1661,legend,44,,
2445,residence,43,,
1840,memory,43,,
963,east,43,,
1247,gateway,43,,
1989,north,42,,
2820,story,41,,
906,district,41,,
2640,shape,41,,
2807,step,41,,
2206,platform,41,,
3206,wife,40,,
1780,manuscript,40,,
2818,storey,39,,
1316,ground,39,,
2513,rule,39,,
924,door,38,,
1839,memorial,38,,
1412,home,38,,
1673,library,37,,
3155,visitor,37,,
143,arch,37,,
49,acre,36,,
1669,level,36,,
3218,woman,36,,
1394,highlight,35,,
118,animal,35,,
2530,saint,35,,
1184,forest,35,,
1592,kilometre,34,,
801,death,34,,
2907,taxi,34,,
700,court,34,,
1278,god,34,,
1533,item,34,,
3036,traveller,33,,
477,cave,33,,
1371,heart,33,,
2217,pm,33,,
1046,example,33,,
3178,way,32,,
958,dynasty,32,,
2586,sea,32,,
1706,location,32,,
2599,section,32,,
354,book,32,,
2982,today,31,,
283,battle,31,,
2932,terracotta,31,,
2833,student,31,,
1428,hotel,31,,
2014,office,30,,
2853,summer,30,,
2122,pavilion,30,,
1271,glass,30,,
3211,window,30,,
1476,incarnation,30,,
2689,significance,30,,
1291,government,29,,
2232,pond,29,,
683,corner,29,,
2693,silver,29,,
350,body,29,,
327,bird,29,,
2179,pilgrim,28,,
2002,object,28,,
1868,minaret,28,,
2329,public,27,,
296,beauty,27,,
1089,fair,27,,
501,chamber,27,,
55,addition,27,,
2280,present,27,,
1626,lake,26,,
1516,interior,26,,
1851,metre,26,,
2121,pattern,26,,
3233,worship,26,,
1629,land,26,,
3181,weapon,26,,
1318,group,25,,
695,country,25,,
3195,west,25,,
2431,replica,25,,
387,bronze,25,,
1351,handicraft,25,,
1349,hand,25,,
1038,event,25,,
173,article,25,,
2034,order,25,,
1108,fee,25,,
970,edifice,25,,
1212,front,24,,
1717,lotus,24,,
1468,importance,24,,
1199,fountain,24,,
481,celebration,24,,
2043,others,24,,
2593,seat,23,,
2255,posture,23,,
381,brick,23,,
2006,occasion,23,,
305,belief,23,,
1595,kingdom,23,,
1087,fact,23,,
1925,mountain,23,,
150,architect,23,,
73,age,23,,
600,colour,23,,
1163,flower,23,,
3031,transport,22,,
2419,relic,22,,
2261,power,22,,
2020,one,22,,
1364,head,22,,
1103,father,22,,
1204,freedom,22,,
2684,sightseeing,22,,
1691,lion,22,,
1529,iron,22,,
2794,station,22,,
2422,remains,21,,
1305,granite,21,,
3022,tradition,21,,
268,base,21,,
2363,railway,21,,
3165,war,21,,
2094,park,21,,
3220,wood,21,,
2570,school,20,,
1511,instrument,20,,
1421,horse,20,,
1848,metal,20,,
158,arm,20,,
1653,leaf,20,,
79,air,20,,
445,car,20,,
1397,hillock,20,,
612,community,20,,
1085,facility,20,,
307,bell,19,,
1593,kind,19,,
2543,sand,19,,
3109,variety,19,,
785,dance,19,,
2350,queen,19,,
329,birth,19,,
435,cannon,19,,
2338,purpose,19,,
2327,proximity,19,,
2247,portrait,18,,
503,chandelier,18,,
3194,well,18,,
987,emperor,18,,
2931,terrace,18,,
128,antique,18,,
883,din,18,,
1037,evening,18,,
275,bastion,18,,
1433,housing,18,,
601,column,17,,
2704,size,17,,
1645,lawn,17,,
340,block,17,,
2773,sq,17,,
1047,excavation,17,,
2039,ornament,17,,
995,end,17,,
1324,guest,17,,
1886,model,17,,
1205,fresco,17,,
1015,entry,17,,
1155,flight,17,,
2730,soldier,17,,
1945,music,16,,
926,doorway,16,,
1531,island,16,,
431,campus,16,,
2425,remnant,16,,
3102,valley,16,,
2174,piece,16,,
1126,fighter,16,,
1082,facade,16,,
793,date,16,,
1809,material,16,,
1814,mausoleum,16,,
2372,range,16,,
3224,word,16,,
2221,poet,16,,
2224,point,16,,
278,bath,16,,
1191,fortress,16,,
1664,length,16,,
2867,surroundings,16,,
627,compound,15,,
373,brass,15,,
2105,passage,15,,
1481,independence,15,,
667,control,15,,
2161,photograph,15,,
1797,marvel,15,,
2491,role,15,,
383,bridge,15,,
388,brother,15,,
981,elevation,15,,
2598,sect,15,,
516,chariot,15,,
162,army,15,,
1738,mahal,15,,
3122,venue,15,,
1197,founder,15,,
1929,movement,15,,
808,decoration,15,,
531,child,15,,
1411,homage,15,,
1914,mother,15,,
1703,local,15,,
1074,exterior,15,,
3050,tribe,15,,
487,cenotaph,15,,
2761,spire,14,,
2172,picture,14,,
3096,use,14,,
1834,member,14,,
1415,honour,14,,
826,demon,14,,
2285,priest,14,,
238,balcony,14,,
1335,gurudwara,14,,
1720,lover,14,,
689,costume,14,,
3076,type,14,,
1195,foundation,14,,
603,combination,14,,
978,element,14,,
2782,staircase,14,,
638,condition,14,,
654,consort,14,,
2781,stair,14,,
1794,marriage,14,,
129,antiquity,14,,
1859,middle,14,,
2621,service,14,,
2078,panel,14,,
2672,show,14,,
2969,tile,13,,
1367,headquarters,13,,
2482,ritual,13,,
2453,rest,13,,
1759,man,13,,
2566,scene,13,,
2855,sun,13,,
1540,jail,13,,
3067,tunnel,13,,
1677,lifestyle,13,,
889,direction,13,,
1504,insight,13,,
567,clock,13,,
2127,peak,13,,
1083,face,13,,
1879,mirror,13,,
32,abode,13,,
1055,exhibition,13,,
1128,figurine,13,,
1908,morning,13,,
2741,source,13,,
1172,follower,13,,
2742,south,13,,
2236,pool,13,,
3214,winter,13,,
1826,meditation,13,,
1952,mythology,13,,
2113,path,13,,
1980,night,12,,
2617,series,12,,
331,birthplace,12,,
1170,folk,12,,
186,ashram,12,,
675,copper,12,,
2947,theatre,12,,
92,altitude,12,,
1762,mandapam,12,,
52,activity,12,,
641,confluence,12,,
1679,light,12,,
2421,religion,12,,
2246,portion,12,,
91,altar,12,,
2252,post,12,,
1078,eye,12,,
1961,nature,12,,
1830,meeting,12,,
2573,science,12,,
2257,pottery,12,,
2192,plan,12,,
2753,specimen,12,,
1329,gun,12,,
3071,turret,12,,
697,couple,12,,
78,aim,12,,
1841,men,12,,
2771,spring,11,,
2886,system,11,,
2169,picnic,11,,
854,development,11,,
1043,evidence,11,,
993,enclosure,11,,
2250,position,11,,
2444,reservoir,11,,
2125,peacock,11,,
2540,sanctorum,11,,
2961,thousand,11,,
1492,inhabitant,11,,
1272,glimpse,11,,
180,artwork,11,,
1090,faith,11,,
1631,landmark,11,,
746,crystal,11,,
1686,line,11,,
837,descendant,11,,
2427,renovation,11,,
1714,lord,11,,
1862,mile,11,,
358,border,11,,
2993,tool,11,,
208,attention,11,,
1515,interest,11,,
1180,force,11,,
1401,historian,11,,
997,enemy,11,,
2348,quarter,11,,
1221,furniture,10,,
2655,shikhara,10,,
2823,stream,10,,
2669,shore,10,,
1849,meter,10,,
709,craft,10,,
2502,route,10,,
2041,ornate,10,,
735,cross,10,,
1946,musician,10,,
2683,sight,10,,
2256,pot,10,,
1696,literature,10,,
369,bracket,10,,
338,blend,10,,
1637,language,10,,
1342,half,10,,
2503,row,10,,
2456,result,10,,
1222,fusion,10,,
2882,symbol,10,,
1651,leader,10,,
2315,property,10,,
687,corridor,10,,
2964,throne,10,,
2569,scholar,10,,
161,armoury,10,,
988,empire,10,,
204,attack,10,,
2836,stupa,10,,
2242,porch,10,,
548,circumference,9,,
190,assembly,9,,
1605,knowledge,9,,
213,audience,9,,
2298,procession,9,,
2245,portico,9,,
517,charm,9,,
1488,influence,9,,
1716,lot,9,,
1018,epic,9,,
2448,resort,9,,
2830,struggle,9,,
2787,stand,9,,
2863,supply,9,,
1624,lady,9,,
1362,havelis,9,,
1148,flag,9,,
339,blessing,9,,
1791,market,9,,
2707,skill,9,,
348,boat,9,,
2047,outskirt,9,,
767,custom,9,,
1189,fortification,9,,
1844,merchant,9,,
362,boulder,9,,
2527,sage,9,,
1430,hour,9,,
2457,retreat,9,,
309,belonging,9,,
1173,food,9,,
2468,ride,9,,
858,devotion,9,,
1931,mud,9,,
455,carpet,9,,
1729,m.,9,,
269,basement,9,,
2279,presence,9,,
564,cliff,9,,
2775,stable,9,,
178,artist,8,,
121,anniversary,8,,
3190,week,8,,
3198,wheel,8,,
176,artisan,8,,
2013,offering,8,,
550,citadel,8,,
794,daughter,8,,
1444,husband,8,,
2968,tiger,8,,
771,cycle,8,,
571,clothes,8,,
2752,specie,8,,
787,dancing,8,,
1962,navagraha,8,,
757,cupola,8,,
3124,verandah,8,,
2909,teacher,8,,
2504,royal,8,,
2541,sanctuary,8,,
1508,institute,8,,
1340,hair,8,,
2202,plaster,8,,
1906,moon,8,,
2591,season,8,,
1899,monkey,8,,
1535,ivory,8,,
2834,study,8,,
1801,masonry,8,,
2938,testimony,8,,
1302,grandeur,8,,
3062,trust,8,,
1554,jewel,8,,
1884,moat,8,,
1509,institution,8,,
1771,mansion,8,,
3097,utensil,8,,
2395,record,8,,
1310,grave,8,,
1361,haveli,8,,
2839,subject,8,,
1125,fight,8,,
2635,shakti,8,,
2658,ship,8,,
2234,pooja,8,,
3012,township,8,,
3013,toy,8,,
1979,niche,8,,
829,department,8,,
2307,programme,8,,
2578,screen,8,,
3032,transportation,8,,
2580,scripture,8,,
494,ceremony,8,,
1628,lamp,8,,
2897,tale,8,,
2371,rampart,8,,
61,admission,8,,
1138,fire,8,,
3025,training,8,,
206,attempt,8,,
2004,observatory,8,,
58,administration,8,,
2292,prisoner,8,,
21,6th,7,,
688,cost,7,,
2201,plaque,7,,
2198,plant,7,,
82,airport,7,,
2711,slab,7,,
3247,yesteryear,7,,
1555,jewellery,7,,
711,craftsmanship,7,,
1106,feast,7,,
2134,penance,7,,
3215,wish,7,,
666,contribution,7,,
2685,sign,7,,
2940,textile,7,,
1490,information,7,,
2117,pathway,7,,
1334,guru,7,,
1523,invader,7,,
1182,foreigner,7,,
971,education,7,,
831,depiction,7,,
2306,program,7,,
489,center,7,,
1958,nation,7,,
1387,hero,7,,
3024,train,7,,
1725,luxury,7,,
482,cell,7,,
1269,girl,7,,
3137,victory,7,,
3130,vessel,7,,
1798,masjid,7,,
2584,sculptor,7,,
472,cathedral,7,,
2360,rail,7,,
2605,seeker,7,,
466,castle,7,,
2619,serpent,7,,
1916,motif,7,,
1875,minister,7,,
290,beach,7,,
2824,street,7,,
3039,treasure,7,,
1282,good,7,,
2627,settlement,7,,
1292,governor,7,,
2786,stamp,7,,
437,canopy,7,,
1304,grandson,7,,
432,canal,7,,
1885,mode,7,,
506,chapel,7,,
1802,mass,7,,
1032,establishment,7,,
3174,waterfall,7,,
2981,title,7,,
1064,experience,7,,
160,armour,7,,
789,dargah,7,,
2274,precinct,7,,
2879,sword,7,,
2610,semi,7,,
1408,hole,7,,
563,clay,7,,
2864,support,7,,
1450,icon,7,,
2019,oil,7,,
2382,re,7,,
361,bottom,7,,
3169,warrior,7,,
1806,masterpiece,7,,
398,bull,7,,
1024,equipment,7,,
1685,limestone,7,,
1688,lingam,7,,
528,chhatris,7,,
816,defence,7,,
401,bungalow,7,,
2040,ornamentation,7,,
1113,ferry,6,,
2815,storage,6,,
913,document,6,,
1322,guardian,6,,
2790,star,6,,
1321,guard,6,,
918,doll,6,,
1339,habitat,6,,
938,dream,6,,
973,effort,6,,
1158,flood,6,,
2749,spear,6,,
2723,society,6,,
1057,exile,6,,
2866,surface,6,,
1202,frame,6,,
1469,impression,6,,
2862,supervision,6,,
1478,incident,6,,
2860,sunset,6,,
740,crown,6,,
1011,enthusiasm,6,,
2625,set,6,,
2648,shelter,6,,
1485,industry,6,,
2727,soil,6,,
968,edge,6,,
1162,flow,6,,
962,earthquake,6,,
849,detail,6,,
2838,sub,6,,
2779,stage,6,,
1020,episode,6,,
2195,planetarium,6,,
2971,timber,6,,
1789,mark,6,,
2037,origin,6,,
1769,manner,6,,
3052,tribute,6,,
2400,reference,6,,
422,calendar,6,,
163,arrangement,6,,
164,array,6,,
1781,map,6,,
620,completion,6,,
2022,opening,6,,
2471,right,6,,
2394,reconstruction,6,,
1680,lighthouse,6,,
179,artistry,6,,
3183,weather,6,,
1818,mean,6,,
3162,walk,6,,
1820,measure,6,,
596,colonial,6,,
561,class,6,,
3148,villager,6,,
1642,latticework,6,,
233,background,6,,
2309,project,6,,
2310,projection,6,,
1870,mind,6,,
242,bamboo,6,,
2353,r,6,,
3180,wealth,6,,
2956,thing,6,,
134,appearance,6,,
2231,pomp,6,,
3018,trade,6,,
1719,love,6,,
684,coronation,6,,
486,cemetery,6,,
2205,plateau,6,,
2432,repository,6,,
2145,permission,6,,
2219,podium,6,,
465,caste,6,,
131,apartment,6,,
462,case,6,,
2934,terrain,6,,
63,adult,6,,
1902,monsoon,6,,
94,am,6,,
2505,royalty,6,,
438,cantonment,6,,
1766,manifestation,6,,
2073,palm,6,,
2071,palanquin,6,,
2440,research,6,,
2240,population,6,,
1893,monastery,5,,
2405,refuge,5,,
1864,milk,5,,
311,benefaction,5,,
2618,sermon,5,,
1898,monk,5,,
1299,grain,5,,
425,camera,5,,
306,believer,5,,
2424,reminder,5,,
877,diamond,5,,
347,board,5,,
346,boar,5,,
1749,majority,5,,
3117,vegetation,5,,
1530,irrigation,5,,
367,box,5,,
2801,stay,5,,
2423,remembrance,5,,
909,division,5,,
2831,stucco,5,,
1817,meal,5,,
392,buff,5,,
1796,martyrdom,5,,
2590,seashore,5,,
3058,trophy,5,,
1380,help,5,,
699,course,5,,
1284,gopuram,5,,
2087,parapet,5,,
167,arrow,5,,
1045,evolution,5,,
2281,preservation,5,,
2736,song,5,,
145,archaeology,5,,
144,archaeologist,5,,
2265,prakaram,5,,
1175,foothill,5,,
97,amalgamation,5,,
3205,width,5,,
2109,past,5,,
174,artifact,5,,
2717,slope,5,,
2194,planet,5,,
2120,patronage,5,,
2124,peace,5,,
43,accommodation,5,,
2147,person,5,,
2706,skeleton,5,,
2204,plate,5,,
2700,sister,5,,
2190,plain,5,,
3172,watchtower,5,,
3171,watch,5,,
961,earth,5,,
2647,shell,5,,
1922,moulding,5,,
279,bathing,5,,
969,edict,5,,
1930,movie,5,,
2774,square,5,,
3138,video,5,,
977,elegance,5,,
1263,ghat,5,,
231,back,5,,
2579,script,5,,
1000,engineer,5,,
2668,shopping,5,,
1243,garrison,5,,
2762,spirit,5,,
209,attire,5,,
2661,shivalinga,5,,
201,atmosphere,5,,
197,astrology,5,,
188,aspect,5,,
2286,prince,5,,
184,ash,5,,
1208,friend,5,,
496,chain,5,,
2800,status,5,,
2935,territory,5,,
570,cloth,5,,
2442,resemblance,5,,
527,chhatri,5,,
529,chief,5,,
1684,lime,5,,
1675,lie,5,,
803,decade,5,,
2447,resident,5,,
2930,term,5,,
1668,letter,5,,
791,darshan,5,,
1659,leg,5,,
822,delight,5,,
721,cremation,5,,
2936,testament,5,,
1495,inlay,5,,
1493,initiative,5,,
1436,hub,5,,
1442,hunting,5,,
1641,lattice,5,,
1446,hymn,5,,
595,college,5,,
750,cult,5,,
3006,tour,5,,
1599,kitchen,5,,
1399,hilltop,5,,
509,character,5,,
2523,sacrifice,5,,
1440,hundred,4,,
272,basis,4,,
1434,howdah,4,,
3127,verse,4,,
2325,province,4,,
2420,relief,4,,
1571,kalash,4,,
1764,mandir,4,,
2939,text,4,,
244,band,4,,
650,conservation,4,,
983,embankment,4,,
1970,necklace,4,,
834,depth,4,,
586,coconut,4,,
2876,sweet,4,,
2334,puppet,4,,
3123,veranda,4,,
1181,forehead,4,,
1654,learning,4,,
1171,folklore,4,,
1901,monolith,4,,
302,beginning,4,,
577,cm,4,,
2454,restaurant,4,,
440,capacity,4,,
3118,vehicle,4,,
3208,wind,4,,
1432,household,4,,
2720,snake,4,,
287,bay,4,,
2778,staff,4,,
463,casket,4,,
2455,restoration,4,,
781,dam,4,,
1130,film,4,,
1644,law,4,,
2877,swimming,4,,
848,destruction,4,,
232,backdrop,4,,
734,crore,4,,
640,conference,4,,
1588,kid,4,,
2287,princess,4,,
1591,kilometer,4,,
2015,officer,4,,
2031,orchard,4,,
2750,speciality,4,,
1029,erstwhile,4,,
2558,sati,4,,
2666,shop,4,,
2739,soul,4,,
749,cuisine,4,,
154,archway,4,,
1048,excellence,4,,
2474,ring,4,,
2024,operation,4,,
1059,existence,4,,
3163,walking,4,,
733,crop,4,,
484,cement,4,,
1253,general,4,,
768,cut,4,,
1395,highway,4,,
2260,powder,4,,
1445,hut,4,,
2264,praise,4,,
221,avatar,4,,
1240,garland,4,,
605,commander,4,,
220,availability,4,,
1186,formation,4,,
762,curse,4,,
2001,oak,4,,
126,anthropology,4,,
2489,robe,4,,
2291,prison,4,,
2346,quality,4,,
2626,setting,4,,
942,drive,4,,
2384,reason,4,,
2160,photo,4,,
2604,seed,4,,
2859,sunrise,4,,
1347,hamlet,4,,
1799,mask,4,,
2606,segment,4,,
394,builder,4,,
415,cab,4,,
385,brilliance,4,,
3238,writer,4,,
1747,maintenance,4,,
2415,relationship,4,,
39,access,4,,
2128,pearl,4,,
884,dining,4,,
2149,personality,4,,
557,civilization,4,,
2401,reflection,4,,
2158,philosophy,4,,
1123,field,4,,
2155,phase,4,,
2692,silk,4,,
1763,mandapams,4,,
1761,mandapa,4,,
424,camel,4,,
1119,festivity,4,,
530,chieftain,4,,
532,childhood,4,,
451,care,4,,
3055,trip,4,,
878,difference,4,,
2856,sunday,4,,
556,civilisation,4,,
2845,successor,4,,
1326,guidance,4,,
937,drawing,4,,
2933,terracottas,4,,
1873,miniature,4,,
330,birthday,4,,
1860,midst,4,,
1311,graveyard,4,,
1877,minute,4,,
3228,workmanship,4,,
1556,jewelry,4,,
1842,mention,4,,
2537,samadhi,4,,
718,creed,4,,
3234,worshipper,4,,
2119,patron,4,,
1836,memoir,4,,
2452,responsibility,4,,
70,affair,4,,
939,dress,4,,
1602,knife,4,,
851,deul,4,,
3079,umbrella,4,,
559,clan,4,,
705,cow,4,,
374,bravery,4,,
2028,option,3,,
2151,petal,3,,
1484,industrialist,3,,
2035,organisation,3,,
2682,siege,3,,
1198,foundry,3,,
1538,jade,3,,
2241,porcelain,3,,
2029,orange,3,,
2529,sailor,3,,
2210,pleasure,3,,
2697,sin,3,,
1565,jungle,3,,
1505,inspiration,3,,
1192,fortune,3,,
2066,painter,3,,
1177,footprint,3,,
2131,pedestal,3,,
1160,flora,3,,
2253,postage,3,,
2220,poem,3,,
2139,performance,3,,
1157,flock,3,,
1498,inr10,3,,
1151,flame,3,,
2144,periphery,3,,
2262,practice,3,,
2517,rupee,3,,
1532,issue,3,,
2084,parade,3,,
2496,ropeway,3,,
2268,prasadam,3,,
2053,owner,3,,
1510,instruction,3,,
1584,kg,3,,
2185,pipe,3,,
1145,fishing,3,,
1486,infant,3,,
2516,run,3,,
1971,need,3,,
1611,kund,3,,
1810,math,3,,
1812,matter,3,,
2611,seminar,3,,
2380,ray,3,,
1419,horde,3,,
2376,ratha,3,,
1333,gurjan,3,,
1824,medallion,3,,
1327,guide,3,,
1825,medicine,3,,
1320,growth,3,,
1422,horseback,3,,
1423,horseman,3,,
2450,respect,3,,
1869,minars,3,,
2698,singer,3,,
1872,mine,3,,
1313,greenery,3,,
1880,missionary,3,,
1306,grant,3,,
2609,self,3,,
1672,liberation,3,,
2026,opportunity,3,,
1805,master,3,,
1711,look,3,,
1709,lodge,3,,
2433,representation,3,,
1705,locality,3,,
1398,hillside,3,,
1736,magazine,3,,
1739,mahals,3,,
1695,list,3,,
1760,management,3,,
1765,mango,3,,
1372,hectare,3,,
1690,lintel,3,,
1409,holiday,3,,
1681,lighting,3,,
1358,harem,3,,
1357,happiness,3,,
1354,hanging,3,,
1678,lifetime,3,,
2389,recess,3,,
1883,mixture,3,,
1891,moment,3,,
1425,hospitality,3,,
1301,granary,3,,
1227,gaiety,3,,
2003,objective,3,,
1454,ideology,3,,
1639,lap,3,,
2289,print,3,,
1219,fund,3,,
2665,shoe,3,,
1627,lakh,3,,
2010,ocean,3,,
1213,fruit,3,,
2288,principle,3,,
1459,illustration,3,,
2466,rice,3,,
2470,ridge,3,,
1209,frieze,3,,
2556,sarovar,3,,
1466,implement,3,,
2554,sari,3,,
2477,rise,3,,
2563,scale,3,,
2656,shikharas,3,,
2000,nymph,3,,
2331,pujas,3,,
1658,left,3,,
1426,host,3,,
1910,mortar,3,,
1913,moth,3,,
1918,motive,3,,
1924,mount,3,,
1927,moustache,3,,
1647,layer,3,,
1950,mystery,3,,
1997,numismatics,3,,
1437,human,3,,
2317,prophet,3,,
1268,gilt,3,,
1265,ghee,3,,
1258,geology,3,,
1978,newspaper,3,,
1984,noble,3,,
2295,proceeding,3,,
1137,finial,3,,
3259,zoology,3,,
838,description,3,,
929,dragon,3,,
3128,version,3,,
953,dusk,3,,
25,a.d.,3,,
3047,trellis,3,,
3048,trench,3,,
436,canon,3,,
434,candle,3,,
3051,tributary,3,,
842,designing,3,,
426,camp,3,,
932,drama,3,,
75,agreement,3,,
1033,estate,3,,
3061,trunk,3,,
3249,yogi,3,,
2952,theme,3,,
1036,eve,3,,
2745,souvenir,3,,
3104,value,3,,
100,ambassador,3,,
922,donation,3,,
2962,thread,3,,
319,bhawan,3,,
3005,touch,3,,
414,bygone,3,,
411,butterfly,3,,
782,damage,3,,
1012,enthusiast,3,,
3143,vigour,3,,
29,aarti,3,,
815,defeat,3,,
2854,summit,3,,
3144,viharas,3,,
541,chowk,3,,
3029,transept,3,,
3116,vegetable,3,,
632,concept,3,,
811,deed,3,,
464,cast,3,,
2764,splendour,3,,
104,ammunition,3,,
3219,wonder,3,,
2858,sunlight,3,,
891,disciple,3,,
797,daulla,3,,
549,cistern,3,,
3239,writing,3,,
3152,vision,3,,
2991,tongue,3,,
3041,treat,3,,
678,coracle,3,,
786,dancer,3,,
950,dungeon,3,,
217,authority,3,,
3230,workshop,3,,
576,cluster,3,,
194,assortment,3,,
408,businessman,3,,
3176,wave,3,,
1098,farmer,3,,
1099,farming,3,,
286,battlement,3,,
142,arcade,3,,
2713,slave,3,,
882,dimension,3,,
1109,feeling,3,,
966,eclipse,3,,
110,ancestor,3,,
514,charge,3,,
85,aisle,3,,
175,artillery,3,,
898,dish,3,,
375,breadth,3,,
3258,zoo,3,,
2708,skin,3,,
604,command,3,,
896,disease,3,,
357,boon,3,,
159,armory,3,,
4,15th,3,,
169,arsenal,3,,
3090,university,3,,
3212,wing,3,,
237,balance,3,,
2,12th,3,,
3207,wildlife,3,,
2975,timing,3,,
11,1930s,3,,
3069,turn,3,,
407,business,3,,
3186,wedding,3,,
193,association,3,,
263,barrel,3,,
875,dialect,3,,
876,diameter,3,,
393,buffalo,3,,
581,coast,3,,
1072,extension,3,,
1073,extent,3,,
262,barrack,3,,
2999,torana,3,,
2849,suicide,3,,
754,cum,3,,
8,1670s,3,,
1091,fall,3,,
613,companion,3,,
2910,teaching,3,,
3074,tutor,3,,
960,ear,3,,
2908,tea,3,,
710,craftsman,3,,
636,concrete,2,,
1587,ki,2,,
240,balustrade,2,,
2950,theerthams,2,,
1590,kilo,2,,
635,conch,2,,
634,concert,2,,
1136,finger,2,,
2954,therapy,2,,
1620,labourer,2,,
1949,mustard,2,,
602,combat,2,,
606,commemoration,2,,
607,commode,2,,
2322,protection,2,,
2966,tier,2,,
614,company,2,,
251,baoli,2,,
3140,viewing,2,,
2484,riverbank,2,,
2473,rim,2,,
239,ballroom,2,,
1959,native,2,,
246,bangle,2,,
1607,kothi,2,,
1963,nave,2,,
628,comprises,2,,
630,computer,2,,
249,banquet,2,,
1988,noose,2,,
2308,progress,2,,
185,ashlar,2,,
202,atrium,2,,
1526,invertebrate,2,,
2290,printing,2,,
2008,occupation,2,,
698,courage,2,,
1520,intervention,2,,
1518,intersection,2,,
192,assistance,2,,
2913,technique,2,,
3166,ware,2,,
189,assassination,2,,
2534,salt,2,,
2911,teak,2,,
1507,instance,2,,
714,creation,2,,
2495,root,2,,
716,creator,2,,
717,creature,2,,
1501,insect,2,,
719,creek,2,,
720,creeper,2,,
722,crematorium,2,,
2906,tax,2,,
2905,taste,2,,
1491,infrastructure,2,,
2901,tamarind,2,,
2283,press,2,,
1487,infantry,2,,
732,crocodile,2,,
2282,preserver,2,,
2525,safety,2,,
692,cotton,2,,
691,cottage,2,,
2919,temperature,2,,
229,baba,2,,
2497,rosary,2,,
2499,rosewood,2,,
2501,round,2,,
659,contact,2,,
660,contemporary,2,,
226,axis,2,,
1566,jurisdiction,2,,
665,contrast,2,,
1564,junction,2,,
2301,product,2,,
1562,jug,2,,
2508,rubble,2,,
1560,jubilee,2,,
1559,journey,2,,
1558,journal,2,,
1557,jharokhas,2,,
670,convention,2,,
2929,tent,2,,
1987,noon,2,,
3151,violence,2,,
677,copy,2,,
223,awareness,2,,
2293,problem,2,,
1539,jaggery,2,,
216,author,2,,
214,auditorium,2,,
3157,voice,2,,
3158,volume,2,,
2464,revolutionary,2,,
1134,finding,2,,
1633,landscape,2,,
3053,trinity,2,,
439,canvas,2,,
427,campaign,2,,
423,calligraphy,2,,
2349,quartz,2,,
2396,recreation,2,,
421,calculation,2,,
3103,valour,2,,
3035,traveler,2,,
1784,marauder,2,,
3057,troop,2,,
1882,mix,2,,
1878,miracle,2,,
1795,martyr,2,,
406,bush,2,,
3046,trekking,2,,
3045,trek,2,,
448,card,2,,
1758,mammal,2,,
1895,money,2,,
2407,regime,2,,
3043,treaty,2,,
1752,making,2,,
2412,reincarnation,2,,
3040,treasury,2,,
456,carriage,2,,
1744,maiden,2,,
303,begum,2,,
1742,maharaja,2,,
1740,mahamandapa,2,,
457,cart,2,,
300,bee,2,,
328,birdwatching,2,,
3064,truth,2,,
332,bishop,2,,
2374,rat,2,,
3087,unit,2,,
1850,method,2,,
3085,union,2,,
2369,ramp,2,,
3083,understanding,2,,
360,botany,2,,
1838,memorabilia,2,,
2358,radius,2,,
342,blood,2,,
365,bow,2,,
1833,mela,2,,
368,boy,2,,
341,blockade,2,,
1865,mill,2,,
2375,rate,2,,
400,bundelkhand,2,,
1827,medium,2,,
371,branch,2,,
1866,millennium,2,,
1823,medal,2,,
3075,twin,2,,
1819,meaning,2,,
3093,uprising,2,,
2378,ravage,2,,
3070,turquoise,2,,
386,britisher,2,,
389,brotherhood,2,,
334,bit,2,,
2383,rear,2,,
3095,usage,2,,
3114,vault,2,,
1732,machicolation,2,,
2323,protector,2,,
2988,tombstone,2,,
3129,vertebrate,2,,
1662,leisure,2,,
2985,tolerance,2,,
566,climb,2,,
2544,sandal,2,,
2449,resource,2,,
555,civilian,2,,
3026,traitor,2,,
2990,ton,2,,
552,citizen,2,,
2333,punishment,2,,
266,basadi,2,,
2996,topic,2,,
271,basilica,2,,
572,clothing,2,,
1657,lecture,2,,
1656,leather,2,,
579,coach,2,,
2979,tirthankara,2,,
2326,provision,2,,
1650,lead,2,,
1940,municipality,2,,
3131,vestibule,2,,
587,code,2,,
1943,murder,2,,
3133,vibration,2,,
594,collector,2,,
2460,revenue,2,,
597,colonnade,2,,
598,colony,2,,
1635,lane,2,,
537,chivalry,2,,
276,bat,2,,
2335,purana,2,,
505,channel,2,,
483,cellar,2,,
1911,mosaic,2,,
1723,lust,2,,
292,beam,2,,
291,bead,2,,
3021,trading,2,,
3020,trader,2,,
2429,repair,2,,
499,chaityas,2,,
1715,loss,2,,
288,bazaar,2,,
502,chance,2,,
3016,track,2,,
1710,log,2,,
1917,motion,2,,
281,batik,2,,
508,chapter,2,,
510,characteristic,2,,
2434,representative,2,,
1702,lizard,2,,
1701,living,2,,
285,battleground,2,,
2437,request,2,,
1921,mould,2,,
521,check,2,,
2439,rescue,2,,
2441,researcher,2,,
3004,total,2,,
526,chhajja,2,,
282,battery,2,,
738,crossing,2,,
725,crest,2,,
168,arrowhead,2,,
1293,gown,2,,
955,dwelling,2,,
1285,gopurams,2,,
1286,gopuras,2,,
1287,gorge,2,,
2783,stairway,2,,
2784,stall,2,,
1294,grab,2,,
3217,witness,2,,
1295,grace,2,,
1296,graduate,2,,
1297,graf,2,,
3221,woodcarving,2,,
946,duct,2,,
944,drum,2,,
956,dye,2,,
66,advent,2,,
3223,woodwork,2,,
2632,shadow,2,,
1274,glow,2,,
1273,glory,2,,
972,effect,2,,
2633,shah,2,,
976,election,2,,
1267,gift,2,,
982,elite,2,,
59,administrator,2,,
3227,working,2,,
48,achievement,2,,
989,employment,2,,
2767,sport,2,,
45,account,2,,
2107,passion,2,,
940,drinking,2,,
2817,storehouse,2,,
894,discus,2,,
2803,steam,2,,
77,aid,2,,
1332,gurdwara,2,,
2239,popularity,2,,
2805,steel,2,,
2093,parish,2,,
2812,stonewall,2,,
2789,standing,2,,
2089,pardon,2,,
888,diploma,2,,
887,dip,2,,
2603,security,2,,
2816,store,2,,
1353,handloom,2,,
76,agriculture,2,,
912,doctrine,2,,
1325,guesthouse,2,,
914,documentary,2,,
2615,separation,2,,
915,doesn,2,,
916,dog,2,,
2799,stature,2,,
1319,grove,2,,
2102,partition,2,,
2616,sequence,2,,
2103,party,2,,
2235,poojas,2,,
2791,starting,2,,
2620,servant,2,,
1308,grass,2,,
739,crowd,2,,
1254,generation,2,,
992,encloses,2,,
1252,gem,2,,
3255,zigzag,2,,
1093,famine,2,,
2178,pilaster,2,,
2719,snack,2,,
2177,pigeon,2,,
1080,fabric,2,,
2175,pier,2,,
1178,footstep,2,,
2223,poetry,2,,
3254,zenana,2,,
1183,forerunner,2,,
1071,expression,2,,
1070,exponent,2,,
12,1950s,2,,
1066,expertise,2,,
1094,fan,2,,
2716,slipper,2,,
1101,fashion,2,,
2182,pine,2,,
1110,feldspar,2,,
1156,float,2,,
2710,skyline,2,,
2183,pink,2,,
1153,flavour,2,,
2184,pinnacle,2,,
2709,sky,2,,
1115,fervor,2,,
2187,pistol,2,,
1116,fervour,2,,
2694,silverware,2,,
2695,similarity,2,,
3,14th,2,,
3253,zeal,2,,
14,1980s,2,,
2167,physic,2,,
1220,furnishing,2,,
2130,peauma,2,,
41,accessory,2,,
2133,pen,2,,
999,engine,2,,
1001,engineering,2,,
2650,shield,2,,
1002,engraving,2,,
2136,pendulum,2,,
1004,enlightenment,2,,
3242,yard,2,,
30,aartis,2,,
1009,entertainment,2,,
2143,periodical,2,,
1016,environment,2,,
1218,function,2,,
16,23rd,2,,
1216,fulfils,2,,
1215,fuel,2,,
1021,epitaph,2,,
2212,plethora,2,,
2667,shopper,2,,
2211,plenty,2,,
2157,philosopher,2,,
20,5th,2,,
19,3rd,2,,
3251,zamindars,2,,
2738,sort,2,,
2734,something,2,,
2208,play,2,,
1194,fossil,2,,
881,dignitary,2,,
935,draw,2,,
1359,harmony,2,,
3196,whale,2,,
776,dagger,2,,
2271,pre,2,,
2567,scenery,2,,
124,anthem,2,,
783,damdi,2,,
1429,hotspot,2,,
3189,wednesday,2,,
1427,hostel,2,,
1424,hospital,2,,
795,daula,2,,
3192,welcome,2,,
3193,welfare,2,,
1413,honey,2,,
813,deer,2,,
818,degree,2,,
820,delegate,2,,
2574,scientist,2,,
2575,scion,2,,
1405,hoisting,2,,
2576,score,2,,
1403,hoard,2,,
821,delicacy,2,,
2852,sultan,2,,
116,angle,2,,
114,angel,2,,
1438,humanity,2,,
1439,humility,2,,
1441,hunter,2,,
1462,immersion,2,,
1480,income,2,,
2025,opium,2,,
166,arrival,2,,
157,arena,2,,
153,archive,2,,
148,archeology,2,,
2552,sarai,2,,
2553,saree,2,,
2891,tablet,2,,
2036,organization,2,,
138,apsaras,2,,
3182,weaponry,2,,
2874,swan,2,,
2887,t,2,,
1458,illusion,2,,
135,apple,2,,
756,cupboard,2,,
2885,synagogue,2,,
3185,weaving,2,,
1451,idea,2,,
2044,outer,2,,
2564,scarcity,2,,
2048,oval,2,,
2878,swing,2,,
825,demolition,2,,
788,darbar,2,,
109,amusement,2,,
850,detailing,2,,
101,ambience,2,,
2251,possession,2,,
2594,seating,2,,
2075,pancha,2,,
2587,seal,2,,
105,amount,2,,
3200,white,2,,
841,designer,2,,
1386,hermitage,2,,
2581,scroll,2,,
1390,hide,2,,
2068,pair,2,,
2249,pose,2,,
2589,seashell,2,,
2828,stronghold,2,,
2827,strip,2,,
3203,whole,2,,
2832,stud,2,,
3101,vaisakh,1,,
3141,viewpoint,1,,
3159,volunteer,1,,
3098,utility,1,,
2275,precision,1,,
3105,van,1,,
2354,rabbit,1,,
2203,plasticity,1,,
3252,zari,1,,
3132,vetal,1,,
2276,predominant,1,,
2213,plinth,1,,
3106,vandalism,1,,
3167,warehouse,1,,
2238,populace,1,,
3142,vigil,1,,
3187,wedge,1,,
3184,weaver,1,,
2237,pooram,1,,
2209,plaza,1,,
2352,qutub,1,,
3250,yoginis,1,,
3202,whoever,1,,
2272,preacher,1,,
2316,prophecy,1,,
2273,preaching,1,,
3100,vahanas,1,,
3099,vahana,1,,
3161,waist,1,,
2351,quintessence,1,,
3160,wadas,1,,
2207,plating,1,,
3126,vermilion,1,,
3134,vice,1,,
2355,radiance,1,,
2197,planning,1,,
2357,radish,1,,
3170,warship,1,,
3136,victim,1,,
3175,waterway,1,,
2199,plantain,1,,
3091,uphill,1,,
2320,prosperity,1,,
2321,protagonist,1,,
2248,porul,1,,
2359,ragas,1,,
3089,universe,1,,
2361,railing,1,,
3210,winding,1,,
2362,railroad,1,,
3204,widow,1,,
2196,planner,1,,
2364,rain,1,,
2278,prescence,1,,
3216,withstood,1,,
2356,radio,1,,
3213,winner,1,,
3094,upstairs,1,,
2200,plantation,1,,
3201,who,1,,
3092,upmarket,1,,
2318,proportion,1,,
2324,provide,1,,
2319,proprietor,1,,
3177,wax,1,,
3256,zodiac,1,,
3179,waypoint,1,,
3168,warfare,1,,
2243,porridge,1,,
3257,zone,1,,
2244,port,1,,
2284,pride,1,,
2214,plot,1,,
3248,yew,1,,
3107,vanquish,1,,
2225,poison,1,,
2332,punareshwar,1,,
2226,police,1,,
3199,"while.,apart",1,,
3226,worker,1,,
2330,puja,1,,
2339,purview,1,,
3229,"workmanship.,there",1,,
3120,vendor,1,,
2227,polish,1,,
2263,practises,1,,
3232,worm,1,,
2300,producer,1,,
3191,weir,1,,
2266,prakarams,1,,
3235,wreck,1,,
3119,velvet,1,,
2233,pony,1,,
2337,purnima,1,,
2267,prasad,1,,
3150,vinegar,1,,
3146,villa,1,,
2258,pound,1,,
3125,verdant,1,,
2259,poverty,1,,
3149,vimana,1,,
3222,woodcraft,1,,
3145,vijay,1,,
3197,wheat,1,,
2228,polishing,1,,
2304,profit,1,,
2230,polythene,1,,
2336,purdah,1,,
2303,profession,1,,
2302,"products.,october",1,,
3121,veneration,1,,
2229,polygon,1,,
2340,pyramid,1,,
2299,processional,1,,
2314,propagation,1,,
2216,plum,1,,
2344,quadriform,1,,
2345,qualification,1,,
2313,proof,1,,
2269,pratishthapan,1,,
3244,"year.,other",1,,
3245,yellow,1,,
3246,yester,1,,
2254,poster,1,,
3111,vasantha,1,,
3156,vohras,1,,
2215,plough,1,,
3188,wedlock,1,,
2305,profusion,1,,
3110,vas,1,,
3108,variation,1,,
2347,quarry,1,,
2218,"pm.,the",1,,
2328,pseudonym,1,,
2341,pyre,1,,
2296,process,1,,
3115,veena,1,,
2222,poetess,1,,
2311,prominence,1,,
2342,quadrangle,1,,
2297,processing,1,,
3209,windblown,1,,
3236,wristlet,1,,
3113,vat,1,,
2294,procedure,1,,
2312,promotion,1,,
3237,write,1,,
3154,"visit.,but",1,,
3240,yagya,1,,
2343,quadrangular,1,,
3241,yaksha,1,,
3112,vase,1,,
3088,unity,1,,
2451,resplendent,1,,
2365,rainfall,1,,
2826,stretch,1,,
2600,sector,1,,
2819,storm,1,,
2821,strain,1,,
2822,stratum,1,,
2597,secretary,1,,
2596,secret,1,,
2825,stress,1,,
2595,secrecy,1,,
2592,seasoning,1,,
2846,succulent,1,,
2835,stuff,1,,
2588,search,1,,
2840,submarine,1,,
2841,subordinate,1,,
2842,subsidiary,1,,
2583,scrubber,1,,
2843,suburb,1,,
2582,scrub,1,,
2601,secularisation,1,,
2602,secularism,1,,
2814,stopover,1,,
2813,stop,1,,
2622,serviceman,1,,
2788,standard,1,,
2793,"state.,these",1,,
2795,"station.,buses",1,,
2796,statistic,1,,
2798,statuette,1,,
2802,staying,1,,
2614,senthooram,1,,
2613,sens,1,,
2612,seminary,1,,
2804,steed,1,,
2806,steeple,1,,
2808,stepwell,1,,
2809,stockade,1,,
2810,stomach,1,,
2608,selas,1,,
2607,segregation,1,,
2844,succession,1,,
2847,sugar,1,,
3086,uniqueness,1,,
2890,tableau,1,,
2562,saying,1,,
2561,saw,1,,
2560,saviour,1,,
2559,savagery,1,,
2888,tab,1,,
2557,sarson,1,,
2889,table,1,,
2555,sarod,1,,
2892,tagore,1,,
2848,sugarcane,1,,
2893,tahli,1,,
2551,sannidhi,1,,
2550,sankeerthana,1,,
2549,sankashti,1,,
2548,sanganer,1,,
2894,tail,1,,
2895,taj,1,,
2896,talaab,1,,
2884,"symbols.,apart",1,,
2883,symbolise,1,,
2565,scenario,1,,
2881,syllabus,1,,
2850,suit,1,,
2851,suitability,1,,
2577,scorpion,1,,
2572,schooner,1,,
2571,schoolchildren,1,,
2857,"sundays.,one",1,,
2861,superstructure,1,,
2568,scheme,1,,
2865,surasundaris,1,,
2868,"surroundings.,built",1,,
2869,"surroundings.,now",1,,
2870,survey,1,,
2871,surveying,1,,
2872,survivor,1,,
2873,svayambhu,1,,
2875,sweeper,1,,
2880,syle,1,,
2623,sesame,1,,
2785,stalwart,1,,
2624,sessionsby,1,,
2673,showcase,1,,
2726,sofa,1,,
2728,sol,1,,
2729,solace,1,,
2675,shrimurties,1,,
2731,solitude,1,,
2732,solution,1,,
2674,shrichakra,1,,
2733,somawara,1,,
2737,sorrow,1,,
2780,stain,1,,
2740,sound,1,,
2671,shoulder,1,,
2743,southeast,1,,
2670,shoreline,1,,
2744,southernmost,1,,
2746,space,1,,
2747,spark,1,,
2748,spate,1,,
2725,socle,1,,
2677,"shrine.,some",1,,
2724,socio,1,,
2678,sibling,1,,
2699,singing,1,,
2702,situ,1,,
2696,simplicity,1,,
2703,sixty,1,,
2705,skating,1,,
2691,sila,1,,
2690,signpost,1,,
2688,signature,1,,
2687,signalling,1,,
2686,signal,1,,
2712,slant,1,,
2714,sleep,1,,
2680,siddhi,1,,
2679,sickle,1,,
2718,smokescreen,1,,
2721,snow,1,,
2722,snowlines,1,,
2751,specialty,1,,
2754,spectacle,1,,
2755,spectrograph,1,,
2645,sheen,1,,
2643,shastras,1,,
2642,sharecropper,1,,
2641,share,1,,
2639,shantipur,1,,
2638,shankh,1,,
2637,shank,1,,
2636,shala,1,,
2769,spout,1,,
2770,spree,1,,
2634,shaili,1,,
2772,sprinkler,1,,
2631,shade,1,,
2630,sewing,1,,
2776,stack,1,,
2777,stadium,1,,
2629,sewerage,1,,
2628,settler,1,,
2644,sheath,1,,
2646,sheet,1,,
2756,spectroheliograph,1,,
2766,spoon,1,,
2757,speech,1,,
2664,shivlinga,1,,
2663,shivalingas,1,,
2662,shivalingam,1,,
2758,spider,1,,
2660,shipyard,1,,
2659,shipbuilding,1,,
2759,spike,1,,
2657,shillong,1,,
2760,spine,1,,
2654,shikhar,1,,
2653,shikara,1,,
2763,splash,1,,
2652,shikan,1,,
2651,shifting,1,,
2649,shepherd,1,,
2765,sponge,1,,
2546,sandhara,1,,
2545,sandalwood,1,,
2898,talent,1,,
3033,transporter,1,,
3017,tractor,1,,
3019,trademark,1,,
2428,renown,1,,
3023,trail,1,,
2426,renaissance,1,,
3027,trance,1,,
3028,tranquillity,1,,
3030,transition,1,,
3034,trap,1,,
2980,tirthankaras,1,,
3037,traversal,1,,
2418,relevance,1,,
3038,trawler,1,,
2417,release,1,,
2416,relative,1,,
2414,relation,1,,
2413,rekha,1,,
3042,treatment,1,,
2430,repertory,1,,
3015,tracery,1,,
3014,trace,1,,
2435,reptile,1,,
2984,token,1,,
2986,toll,1,,
2989,tomorrow,1,,
2446,residency,1,,
2992,tonne,1,,
2994,tooth,1,,
2997,topkhana,1,,
2998,topography,1,,
3000,toranas,1,,
3001,torans,1,,
3002,torpedo,1,,
2443,reserve,1,,
3003,tortoise,1,,
3007,tourism,1,,
3009,tourmaline,1,,
2438,requirement,1,,
2436,reputation,1,,
2410,regula,1,,
2409,regret,1,,
2406,regalia,1,,
3065,tryanga,1,,
3068,turban,1,,
2381,rayakottah,1,,
2379,rave,1,,
3072,turtle,1,,
3073,tusk,1,,
2377,rathas,1,,
3077,typhoon,1,,
3078,ud,1,,
2373,rank,1,,
3080,unani,1,,
3081,uncle,1,,
2370,rampage,1,,
3082,underground,1,,
3084,undertaking,1,,
2368,rajput,1,,
2367,rajagopuram,1,,
2366,rainwater,1,,
3066,tune,1,,
2385,rebellion,1,,
3049,tribals,1,,
3063,trusty,1,,
2404,refreshment,1,,
2403,reformist,1,,
2402,reform,1,,
2399,redoubt,1,,
2398,red,1,,
2397,recruitment,1,,
3054,trinket,1,,
3056,triumph,1,,
2393,reconnaissance,1,,
2392,recognition,1,,
2391,recital,1,,
2390,recession,1,,
3059,trough,1,,
2388,reception,1,,
2387,recall,1,,
3060,trumpet,1,,
2386,rebirth,1,,
2983,toilet,1,,
2978,tirthankar,1,,
2899,taluk,1,,
2515,ruling,1,,
2522,sabha,1,,
2923,"temple.,if",1,,
2924,"temple.,one",1,,
2521,s.,1,,
2520,s,1,,
2519,rust,1,,
2518,rush,1,,
2925,"temple.,situated",1,,
2926,"temple.,while",1,,
2977,tip,1,,
2927,tempo,1,,
2511,rug,1,,
2510,ruff,1,,
2509,rudraksh,1,,
2928,tennis,1,,
2507,rs30/-,1,,
2506,rs.50/-,1,,
2937,testimonial,1,,
2922,"temple.,besides",1,,
2920,template,1,,
2524,safari,1,,
2918,telescope,1,,
2900,taluka,1,,
2903,tapasya,1,,
2904,tapestry,1,,
2539,sample,1,,
2538,samaj,1,,
2536,sam,1,,
2535,salvation,1,,
2533,sale,1,,
2912,tech,1,,
2532,salabhanjikas,1,,
2531,sakhas,1,,
2914,technology,1,,
2915,teeth,1,,
2528,sahib,1,,
2916,tehsildar,1,,
2526,sagar,1,,
2917,telephone,1,,
2941,texture,1,,
2942,thalamboo,1,,
2500,roti,1,,
2959,thirthankars,1,,
2476,ringing,1,,
2475,ringa,1,,
2472,rikhabdevji,1,,
2963,threat,1,,
2965,throng,1,,
2469,rider,1,,
2967,tiffin,1,,
2465,reward,1,,
2970,tilework,1,,
2463,revolution,1,,
2462,revolt,1,,
2461,revetment,1,,
2973,timeless,1,,
2459,revenge,1,,
2974,timelessness,1,,
2458,return,1,,
2976,tin,1,,
2960,thirumanam,1,,
2478,rishabhanath,1,,
2498,rose,1,,
2479,rishis,1,,
2943,thanjavur,1,,
2944,thanks,1,,
2493,roofed,1,,
2945,thatch,1,,
2946,theater,1,,
2948,"theatre.,jawahar",1,,
2949,theertham,1,,
2951,"them.,devotees",1,,
2953,"then.,one",1,,
2487,rivulet,1,,
2486,riverfront,1,,
2485,riverbed,1,,
2955,thief,1,,
2957,third,1,,
2958,thirtankar,1,,
2481,rite,1,,
2480,risk,1,,
2715,slide,1,,
0,%,1,,
2193,plane,1,,
708,cracker,1,,
741,crucifix,1,,
737,crossbeam,1,,
736,crossbar,1,,
731,crockery,1,,
730,criminal,1,,
729,cricketer,1,,
728,cricket,1,,
727,crib,1,,
726,crew,1,,
724,crescent,1,,
723,crenellation,1,,
715,creativity,1,,
713,cream,1,,
712,crater,1,,
707,crack,1,,
674,coping,1,,
706,cowherd,1,,
704,covering,1,,
703,cover,1,,
702,"courtyard.,a",1,,
696,countryside,1,,
694,counterpart,1,,
693,countenance,1,,
690,cotta,1,,
686,correlate,1,,
685,corpse,1,,
682,core,1,,
681,corbel,1,,
680,"coral.,navaratri",1,,
679,coral,1,,
742,crude,1,,
743,cruise,1,,
744,cry,1,,
745,crypt,1,,
800,deal,1,,
798,dawra,1,,
796,daulah,1,,
792,"darwaza.,sangin",1,,
790,darling,1,,
784,damsel,1,,
780,dalliance,1,,
779,dalan,1,,
778,dairy,1,,
777,"daily.,devotees",1,,
775,dabar,1,,
774,d,1,,
773,cylindrical,1,,
772,cyclone,1,,
770,cuttack,1,,
769,cutlery,1,,
766,custody,1,,
765,cusp,1,,
764,cushion,1,,
763,curvilinear,1,,
761,curriculum,1,,
760,current,1,,
759,curing,1,,
758,curd,1,,
755,cup,1,,
753,culvert,1,,
751,cultivation,1,,
748,cubicle,1,,
747,cube,1,,
676,copperware,1,,
673,coordination,1,,
1067,explanation,1,,
583,coating,1,,
617,compassion,1,,
616,compartment,1,,
615,comparison,1,,
611,communist,1,,
610,communism,1,,
609,commonwealth,1,,
608,common,1,,
599,color,1,,
592,collecting,1,,
591,collectible,1,,
590,collaboration,1,,
588,coil,1,,
585,coco,1,,
584,cockle,1,,
582,coat,1,,
672,cooperation,1,,
580,coalition,1,,
578,co,1,,
575,clue,1,,
574,club,1,,
573,cloud,1,,
569,closure,1,,
568,cloister,1,,
565,climate,1,,
562,classification,1,,
560,clapping,1,,
558,clam,1,,
554,"city.,apart",1,,
551,citadel-,1,,
547,circular,1,,
618,compensation,1,,
619,competition,1,,
622,"complex.,bibi",1,,
623,compliment,1,,
671,convergence,1,,
669,convenience,1,,
668,controversy,1,,
664,contradiction,1,,
663,contingent,1,,
662,continent,1,,
661,content,1,,
658,consultant,1,,
656,construct,1,,
655,constitution,1,,
653,consolidator,1,,
652,consists,1,,
651,consisting,1,,
649,consecration,1,,
648,conqueror,1,,
647,connoisseur,1,,
646,connectivity,1,,
645,connection,1,,
644,connect,1,,
643,congregation,1,,
642,confrontation,1,,
639,cone,1,,
637,concubine,1,,
633,conception,1,,
631,comrade,1,,
629,comprising,1,,
626,composition,1,,
625,composer,1,,
624,component,1,,
802,deathlessness,1,,
804,decision,1,,
805,declination,1,,
964,eatery,1,,
1003,enhancement,1,,
998,energy,1,,
996,endowment,1,,
994,encompass,1,,
991,enamel,1,,
990,empress,1,,
986,embroidery,1,,
985,embrasure,1,,
984,emblem,1,,
980,"elephants.,since",1,,
975,elder,1,,
974,egg,1,,
967,ecology,1,,
965,ebony,1,,
959,e,1,,
806,decline,1,,
957,dynamic,1,,
954,duty,1,,
952,durbar,1,,
951,duration,1,,
949,dune,1,,
948,dump,1,,
947,dug,1,,
945,duck,1,,
943,drop,1,,
941,dripping,1,,
936,drawbridge,1,,
934,draper,1,,
933,dramatist,1,,
931,drainage,1,,
1005,ensemble,1,,
1006,enshrines,1,,
1007,enter,1,,
1008,enterprise,1,,
1063,expense,1,,
1062,expedition,1,,
1061,expanse,1,,
1060,exit,1,,
1058,"exile.,as",1,,
1056,exhibitis,1,,
1054,exhibitings,1,,
1052,exercise,1,,
1051,excitement,1,,
1050,exchange,1,,
1049,exception,1,,
1044,evil,1,,
1042,everything,1,,
1041,everydaydaily,1,,
1040,everyday,1,,
1039,evergreen,1,,
1035,eunuch,1,,
1034,eternity,1,,
1031,essence,1,,
1030,escarpment,1,,
1028,errant,1,,
1027,erosion,1,,
1026,"era.,a",1,,
1023,equality,1,,
1022,epitome,1,,
1019,epigram,1,,
1017,envy,1,,
1013,entirety,1,,
1010,enthrals,1,,
930,drain,1,,
928,draft,1,,
927,downhill,1,,
865,dharamshala,1,,
863,dham,1,,
862,dhaba,1,,
861,dexterity,1,,
860,devta,1,,
859,devout,1,,
857,devotes,1,,
856,"devotees.,devotees",1,,
853,dev,1,,
852,deulti,1,,
847,destroyer,1,,
845,despair,1,,
844,desire,1,,
843,"designs.,since",1,,
839,desert,1,,
836,desams,1,,
835,dera,1,,
833,depot,1,,
832,depicts,1,,
830,depict,1,,
828,denomination,1,,
827,demonstration,1,,
824,democracy,1,,
823,demise,1,,
817,deflection,1,,
814,deerskin,1,,
812,deepam,1,,
810,dedication,1,,
809,decree,1,,
807,decor,1,,
864,dhams,1,,
866,dharamshalas,1,,
925,doorkeeper,1,,
867,dharma,1,,
923,doongar,1,,
920,domain,1,,
919,dolmen,1,,
917,doli,1,,
911,doctor,1,,
910,divya,1,,
908,divinity,1,,
907,diversity,1,,
905,distribution,1,,
903,dissolution,1,,
902,disqualification,1,,
900,disobedience,1,,
899,disintegration,1,,
897,disguise,1,,
895,discussion,1,,
893,discovery,1,,
892,discipline,1,,
890,disc,1,,
886,diocese,1,,
885,dinner,1,,
880,dighi,1,,
879,difficulty,1,,
874,dial,1,,
873,diagram,1,,
872,dhoti,1,,
871,dhoop,1,,
870,dhava,1,,
869,dharmasala,1,,
868,dharmachakra,1,,
546,circuit,1,,
545,circle,1,,
544,cinema,1,,
147,archbishop,1,,
198,astronomy,1,,
196,astra,1,,
195,assurer,1,,
191,asset,1,,
187,ashrama,1,,
183,ascent,1,,
182,ascends,1,,
181,arudra,1,,
177,artisanship,1,,
172,arti,1,,
165,arrest,1,,
155,ardhamandapa,1,,
152,architrave,1,,
149,archipelago,1,,
146,archana,1,,
265,barrier,1,,
141,arc,1,,
140,aqueduct,1,,
139,aquarium,1,,
137,approval,1,,
136,approach,1,,
133,appeal,1,,
132,appal,1,,
130,anxiety,1,,
127,antidote,1,,
125,anthology,1,,
123,antenna,1,,
122,antarala,1,,
120,annexe,1,,
119,annexation,1,,
199,asuran,1,,
200,asylum,1,,
203,atrocity,1,,
205,attar,1,,
261,baroque,1,,
260,barley,1,,
259,bark,1,,
258,barhadri,1,,
257,barfi,1,,
256,bard,1,,
255,baradaris,1,,
254,baradari,1,,
253,baori,1,,
252,baolis,1,,
250,baodi,1,,
247,banias,1,,
245,"bangalore.,one",1,,
243,banana,1,,
241,balwariya,1,,
236,baffle,1,,
235,badgir,1,,
234,backpacker,1,,
230,baby,1,,
228,azimuth,1,,
227,ayikkotta,1,,
225,awwal,1,,
224,awe,1,,
222,avenue,1,,
219,automobile,1,,
215,aunt,1,,
212,attribute,1,,
211,"attractions.,october",1,,
207,attendant,1,,
117,angrabadi,1,,
115,anger,1,,
113,anemone,1,,
56,ade,1,,
51,activist,1,,
50,act,1,,
47,ace,1,,
46,accoutrement,1,,
44,accomodation,1,,
42,accident,1,,
40,accessibility,1,,
38,academy,1,,
37,acacia,1,,
36,abundance,1,,
35,absorption,1,,
34,absence,1,,
33,about81.25,1,,
31,abalone,1,,
28,aarati,1,,
27,aam,1,,
26,a.g.office,1,,
24,a.,1,,
23,9th,1,,
22,8th,1,,
18,3-storey,1,,
17,2nd,1,,
15,1st,1,,
13,1970s,1,,
10,18th,1,,
9,17th,1,,
7,1660s,1,,
6,1640s,1,,
5,1600s,1,,
53,actor,1,,
57,adivasi,1,,
112,and1887,1,,
60,admiration,1,,
111,ancient,1,,
108,amrit,1,,
107,amplification,1,,
106,amphitheatre,1,,
103,amenity,1,,
102,ambit,1,,
99,amazement,1,,
98,amavasya,1,,
96,amalgam,1,,
95,amalaka,1,,
93,aluminium,1,,
90,aloe,1,,
89,alliance,1,,
88,alcove,1,,
87,alabaster,1,,
86,akimbo,1,,
84,airy,1,,
83,airstrip,1,,
81,airplane,1,,
80,aircraft,1,,
74,aggression,1,,
72,agama,1,,
71,afternoon,1,,
69,aesthetic,1,,
68,aerodrome,1,,
67,adviser,1,,
65,advantage,1,,
64,advancement,1,,
62,"adorned.,one",1,,
264,barricade,1,,
267,basalt,1,,
542,chunam,1,,
447,carat,1,,
473,catholic,1,,
471,category,1,,
470,catalogue,1,,
469,catacomb,1,,
468,casuarina,1,,
467,casualty,1,,
461,cascade,1,,
459,carve,1,,
458,cartoonist,1,,
454,carpentry,1,,
453,carnelian,1,,
452,caretaker,1,,
450,cardexes,1,,
449,cardamom,1,,
446,carafe,1,,
270,basic,1,,
444,capture,1,,
443,captain,1,,
441,cape,1,,
433,candidate,1,,
430,camping,1,,
429,camphor,1,,
428,campfire,1,,
420,calangute,1,,
419,cafeteria,1,,
418,cafe,1,,
417,cactus,1,,
416,cabinet,1,,
413,buying,1,,
412,buttermilk,1,,
474,cattle,1,,
475,cauldron,1,,
476,cause,1,,
478,cd,1,,
540,chor,1,,
539,choir,1,,
538,choice,1,,
536,chitra,1,,
535,chishtiya,1,,
534,chime,1,,
533,"children.,one",1,,
525,chest,1,,
524,chess,1,,
523,chenduram,1,,
522,chemistry,1,,
520,chaumurti,1,,
519,chaukhandis,1,,
518,chattris,1,,
515,"charges.,if",1,,
513,charcoal,1,,
512,charbagh,1,,
511,charaideo,1,,
507,chaplain,1,,
504,change,1,,
500,chakra,1,,
498,chaitya,1,,
497,chair,1,,
495,chabutras,1,,
493,cereal,1,,
490,centimetre,1,,
488,centenary,1,,
485,cementing,1,,
479,ce,1,,
410,butter,1,,
409,bust,1,,
404,burj,1,,
333,bison,1,,
325,biology,1,,
324,bin,1,,
323,billiards,1,,
322,bike,1,,
321,bidar,1,,
320,bicycle,1,,
318,bhavans,1,,
317,bharadhwaja,1,,
316,bhansali,1,,
315,bhandarej,1,,
314,bhairavas,1,,
313,bhadrapad,1,,
312,benefit,1,,
310,bench,1,,
308,belly,1,,
304,belfry,1,,
301,beetle,1,,
299,bedroom,1,,
298,bedchamber,1,,
297,bed,1,,
295,beat,1,,
294,beard,1,,
293,bear,1,,
289,bc,1,,
284,battlefield,1,,
280,bathroom,1,,
277,batch,1,,
274,basket,1,,
273,"basis.,one",1,,
326,biotechnology,1,,
335,blanket,1,,
403,burial,1,,
336,blast,1,,
402,burans,1,,
399,bullet,1,,
397,bulk,1,,
396,bulbul,1,,
391,"buddhism.,after",1,,
390,brow,1,,
384,brightness,1,,
382,brickwork,1,,
380,brewery,1,,
379,breath,1,,
378,breast,1,,
377,breaker,1,,
376,break,1,,
372,brand,1,,
370,brainchild,1,,
366,bowl,1,,
364,boutique,1,,
363,bounce,1,,
359,borderline,1,,
356,boomerang,1,,
355,bookshelf,1,,
353,bonsai,1,,
352,bone,1,,
351,bomb,1,,
349,bodhi,1,,
345,blue,1,,
344,blossom,1,,
343,bloodshed,1,,
337,blaze,1,,
1065,experiment,1,,
1068,explorer,1,,
2191,"plain.,students",1,,
1821,measurement,1,,
1854,mica,1,,
1853,mew,1,,
1852,meva,1,,
1847,messenger,1,,
1846,message,1,,
1845,mess,1,,
1843,mentor,1,,
1837,memons,1,,
1835,memento,1,,
1832,mehreb,1,,
1831,mehrabs,1,,
1829,meet,1,,
1828,meenakari,1,,
1822,mechanism,1,,
1816,maze,1,,
1782,mapping,1,,
1815,mazars,1,,
1813,maul,1,,
1811,mathematics,1,,
1808,match,1,,
1807,mastery,1,,
1804,massiveness,1,,
1803,massage,1,,
1800,mason,1,,
1793,marquee,1,,
1792,"markets.,bankura",1,,
1790,marker,1,,
1788,margin,1,,
1787,"march.,other",1,,
1786,marble-,1,,
1855,microliths,1,,
1856,mid-15th,1,,
1857,mid-16th,1,,
1858,midday,1,,
1935,mukhi,1,,
1934,mukhasala,1,,
1933,mughals,1,,
1932,mudra,1,,
1928,mouth,1,,
1926,mouse,1,,
1923,mound,1,,
1920,motorcycle,1,,
1919,motor,1,,
1915,motherland,1,,
1909,mortal,1,,
1907,morality,1,,
1905,mood,1,,
1900,monogram,1,,
1897,monitoring,1,,
1896,mongoose,1,,
1894,monday,1,,
1892,monarch,1,,
1890,mollusk,1,,
1889,modification,1,,
1888,modernism,1,,
1887,modelling,1,,
1881,mistake,1,,
1876,minority,1,,
1874,mining,1,,
1871,mindedness,1,,
1867,minar,1,,
1863,milestone,1,,
1861,midway,1,,
1783,mar,1,,
1779,manufacturing,1,,
1069,explosive,1,,
1683,limb,1,,
1713,loop,1,,
1712,lookout,1,,
1708,locomotive,1,,
1707,lock,1,,
1704,locale,1,,
1700,liver,1,,
1699,litre,1,,
1698,lithograph,1,,
1697,litho,1,,
1694,liquor,1,,
1693,liquid,1,,
1692,lip,1,,
1689,link,1,,
1687,lineage,1,,
1682,"liking.,september",1,,
1778,manual,1,,
1674,lid,1,,
1671,liana,1,,
1670,liaison,1,,
1667,leprosy,1,,
1666,leopard,1,,
1665,leogriff,1,,
1663,lemon,1,,
1660,legacy,1,,
1655,lease,1,,
1652,leadership,1,,
1649,lb,1,,
1648,layout,1,,
1646,lay,1,,
1643,launch,1,,
1718,lounge,1,,
1721,loyalty,1,,
1722,luck,1,,
1724,lustre,1,,
1777,mantra,1,,
1776,manthan,1,,
1775,mantar,1,,
1774,mantapas,1,,
1773,mantapa,1,,
1772,mantap,1,,
1770,manor,1,,
1768,manmade,1,,
1767,mankind,1,,
1757,mamillarias,1,,
1756,mall,1,,
1755,malika,1,,
1754,male,1,,
1753,malai,1,,
1751,maker,1,,
1750,makbaras,1,,
1748,majesty,1,,
1746,mainland,1,,
1745,mail,1,,
1743,mahogany,1,,
1741,mahapadma,1,,
1737,maha,1,,
1735,maestro,1,,
1734,madira,1,,
1733,machinery,1,,
1731,mace,1,,
1730,ma,1,,
1727,lyric,1,,
1726,lychee,1,,
1936,multimedia,1,,
1937,multipurpose,1,,
1938,mummy,1,,
2090,parent,1,,
2112,patch,1,,
2111,pastor,1,,
2110,paste,1,,
2108,passport,1,,
2106,passageway,1,,
2104,pas,1,,
2101,participation,1,,
2100,participant,1,,
2098,parrot,1,,
2097,parmars,1,,
2096,parliament,1,,
2095,parking,1,,
2092,parikrama,1,,
2091,parewa,1,,
2088,paraphernalia,1,,
1939,mundis,1,,
2086,paramour,1,,
2085,paradise,1,,
2083,paper,1,,
2082,pantheon,1,,
2081,panorama,1,,
2080,pankahs,1,,
2079,panelling,1,,
2077,panchayath,1,,
2076,panchayat,1,,
2074,pamphlet,1,,
2072,palisade,1,,
2069,paithani,1,,
2065,pagoda,1,,
2064,page,1,,
2114,patha,1,,
2115,pathar,1,,
2116,pathigams,1,,
2118,patma,1,,
2189,plague,1,,
2188,placement,1,,
2186,pirate,1,,
2176,piety,1,,
2173,pidha,1,,
2171,pictorial,1,,
2170,pictograph,1,,
2168,physician,1,,
2166,phylum,1,,
2165,phrase,1,,
2164,photoheliograph,1,,
2163,photography,1,,
2162,photographer,1,,
2159,phone,1,,
2156,phenomenon,1,,
2154,phalaenopsis,1,,
2153,pew,1,,
2152,petition,1,,
2150,pest,1,,
2148,"person.,while",1,,
2146,permit,1,,
2141,perfume,1,,
2140,performer,1,,
2138,perforation,1,,
2135,pendant,1,,
2132,peek,1,,
2129,peasant,1,,
2126,peahen,1,,
2123,payment,1,,
2063,padukas,1,,
2062,paduak,1,,
2061,padre,1,,
1994,nozzle,1,,
1992,notion,1,,
1991,nose,1,,
1990,northeast,1,,
1986,none,1,,
1985,non,1,,
1983,nobility,1,,
1982,nitya,1,,
1981,nirvana,1,,
1977,network,1,,
1976,net,1,,
1975,neighbouring,1,,
1974,neighbourhood,1,,
1973,negligence,1,,
1972,neglect,1,,
1969,neck,1,,
1968,"nearby.,tourists",1,,
1967,nayikas,1,,
1966,nayanmars,1,,
1965,nawab,1,,
1964,navy,1,,
1960,nativity,1,,
1957,nandis,1,,
1956,namesake,1,,
1954,nagins,1,,
1953,nagar,1,,
1951,myth,1,,
1948,must,1,,
1947,musket,1,,
1941,muniyaras,1,,
1993,novel,1,,
1996,numeral,1,,
2060,padmasana,1,,
1998,nunnery,1,,
2059,padavali,1,,
2058,padauk,1,,
2057,packer,1,,
2056,package,1,,
2055,pachypodium,1,,
2054,pachhikari,1,,
2052,overview,1,,
2051,overseer,1,,
2050,overlook,1,,
2049,overlay,1,,
2046,outlook,1,,
2045,outlet,1,,
2042,orphanage,1,,
2038,originator,1,,
2033,orchidarium,1,,
2032,orchid,1,,
2030,orator,1,,
2027,opposition,1,,
2023,opera,1,,
2021,onyx,1,,
2018,ofmathura,1,,
2017,offset,1,,
2016,official,1,,
2012,octagon,1,,
2011,ochre,1,,
2009,occurrence,1,,
2007,occupant,1,,
2005,obstacle,1,,
1999,nylon,1,,
1640,latterite,1,,
1638,lantern,1,,
1636,langoor,1,,
1250,gaur,1,,
1277,goad,1,,
1276,go,1,,
1275,gneiss,1,,
1270,giving,1,,
1266,giant,1,,
1264,ghatas,1,,
1262,ghar,1,,
1261,ghanta,1,,
1260,getaway,1,,
1259,gesture,1,,
1257,geography,1,,
1256,genus,1,,
1255,genre,1,,
1251,gear,1,,
1249,gatungkap,1,,
1368,headstone,1,,
1248,gather,1,,
1246,gatekeeper,1,,
1244,gas,1,,
1242,garna,1,,
1241,garment,1,,
1239,gargaon,1,,
1238,gardener,1,,
1236,garbhagruha,1,,
1235,garbhagriha,1,,
1234,gap,1,,
1233,ganesh,1,,
1232,gamut,1,,
1231,galtaji,1,,
1229,galaxy,1,,
1280,"goddess.,it",1,,
1283,gopura,1,,
1288,goshala,1,,
1289,gourd,1,,
1365,headgear,1,,
1363,hawa,1,,
1360,hat,1,,
1356,happening,1,,
1355,hangout,1,,
1352,handle,1,,
1350,"hand.,built",1,,
1348,hammam,1,,
1346,halt,1,,
1345,hallway,1,,
1344,hallmark,1,,
1341,haiza,1,,
1338,gymnasium,1,,
1337,gutta,1,,
1336,gusto,1,,
1331,gunmetal,1,,
1330,gundicha,1,,
1328,gulkand,1,,
1323,guardroom,1,,
1317,groundnut,1,,
1315,grotto,1,,
1314,griha,1,,
1312,greatness,1,,
1309,gratitude,1,,
1307,graphic,1,,
1303,grandfather,1,,
1300,gram,1,,
1298,grahas,1,,
1290,governance,1,,
1228,gala,1,,
1226,gaekwads,1,,
1225,gaddi,1,,
1141,firing,1,,
1139,fireplace,1,,
1135,finery,1,,
1133,find,1,,
1132,finale,1,,
1131,filtergrams,1,,
1129,filigree,1,,
1124,fiend,1,,
1122,fiefdom,1,,
1121,fibreglass,1,,
1120,feudatory,1,,
1118,"festival.,as",1,,
1114,fertility,1,,
1112,ferox,1,,
1111,female,1,,
1105,fear,1,,
1104,fauna,1,,
1102,fasting,1,,
1100,farmland,1,,
1097,farmans,1,,
1096,farm,1,,
1095,fantasy,1,,
1088,factory,1,,
1086,facing,1,,
1084,facilitates,1,,
1081,fabrication,1,,
1079,ezhil,1,,
1077,exuberance,1,,
1076,extremity,1,,
1075,extravaganza,1,,
1140,firework,1,,
1142,firma,1,,
1224,gada,1,,
1143,fish,1,,
1223,future,1,,
1217,fun,1,,
1211,fromof,1,,
1210,fringe,1,,
1207,friary,1,,
1206,fretwork,1,,
1203,framework,1,,
1201,fragment,1,,
1200,fowl,1,,
1196,foundby,1,,
1193,forum,1,,
1190,fortitude,1,,
1187,formula,1,,
1179,footstool,1,,
1176,foothold,1,,
1169,foliage,1,,
1168,foil,1,,
1167,fog,1,,
1166,focus,1,,
1165,fluting,1,,
1164,flute,1,,
1161,flourish,1,,
1154,flea,1,,
1152,flask,1,,
1150,flagstaff,1,,
1149,flagpole,1,,
1147,fitting,1,,
1146,fissure,1,,
1144,fisherman,1,,
1366,headquarter,1,,
1369,health,1,,
1634,landscaping,1,,
1551,jaw,1,,
1577,kartik,1,,
1576,karrar,1,,
1575,kanguras,1,,
1574,kalsas,1,,
1573,kalpvriksh,1,,
1572,kalika,1,,
1570,kalamandap,1,,
1569,kaccha,1,,
1568,k,1,,
1567,justice,1,,
1563,juice,1,,
1561,judiciary,1,,
1553,jeep,1,,
1552,jayanthi,1,,
1550,jarokha,1,,
1370,heap,1,,
1549,jar,1,,
1548,jantar,1,,
1547,jand,1,,
1546,jambu,1,,
1545,jalis,1,,
1544,jali,1,,
1543,jalebis,1,,
1542,jal,1,,
1541,jains,1,,
1537,jackfruit,1,,
1536,iwan,1,,
1534,itinerary,1,,
1528,involvement,1,,
1527,investigation,1,,
1578,karum,1,,
1579,kataka,1,,
1580,kathi,1,,
1581,kavadi,1,,
1632,landowner,1,,
1,#NAME?,1,,
1625,lagoon,1,,
1623,lacquer,1,,
1622,lack,1,,
1621,labyrinth,1,,
1619,labour,1,,
1618,laboratory,1,,
1617,kurta,1,,
1616,kuran,1,,
1615,kunnath,1,,
1614,kunj,1,,
1613,kunds,1,,
1612,kundams,1,,
1610,kulikas,1,,
1609,kuftgiri,1,,
1608,kshetras,1,,
1606,konda,1,,
1604,knot,1,,
1603,knight,1,,
1600,kite,1,,
1598,kiruthigai,1,,
1597,kirtan,1,,
1596,kipling,1,,
1589,kila,1,,
1586,khas,1,,
1585,khakhara,1,,
1583,keeper,1,,
1582,kayotsarga,1,,
1525,invention,1,,
1524,invasion,1,,
1522,introspection,1,,
1452,ideal,1,,
1448,hypnotism,1,,
1447,hypnosis,1,,
1443,hurdle,1,,
1435,hr,1,,
1420,horoscope,1,,
1418,hope,1,,
1417,hook,1,,
1416,hoof,1,,
1414,honor,1,,
1410,holiness,1,,
1407,holder,1,,
1406,hold,1,,
1404,hobby,1,,
1400,hind,1,,
1393,high,1,,
1392,hierarchy,1,,
1391,hideout,1,,
1389,heyday,1,,
1388,heroism,1,,
1385,hermit,1,,
1383,herd,1,,
1382,herb,1,,
1381,hemispherical,1,,
1379,helmet,1,,
1378,helipad,1,,
1377,helicopter,1,,
1376,heirloom,1,,
1375,heir,1,,
1373,heed,1,,
1449,i,1,,
1453,identity,1,,
1521,intricacy,1,,
1455,idiom,1,,
1519,interval,1,,
1517,interrelationship,1,,
1514,inter,1,,
1513,integrity,1,,
1512,insurgent,1,,
1506,installation,1,,
1503,inside,1,,
1502,"insects.,tourists",1,,
1499,inr21.15,1,,
1497,inquisitor,1,,
1496,inquisition,1,,
1494,inkpot,1,,
1489,influx,1,,
1483,individual,1,,
1482,index,1,,
1479,inclination,1,,
1477,incidence,1,,
1475,incarceration,1,,
1474,inauguration,1,,
1473,inability,1,,
1472,in1812,1,,
1471,imprisonment,1,,
1470,imprint,1,,
1467,import,1,,
1465,imparts,1,,
1464,immolation,1,,
1463,immigrant,1,,
1461,imambara,1,,
1457,illness,1,,
1630,landing,1,,
